C:\Simcenter\Testxpress\ProjectData\BMW_GS_Test_260907\Data\Down_128.xdf,07.09.26,13:55:01,,,
,M4: Comp_Name_plate_x : SORD(C1,R1) Time[s],M4: Comp_Name_plate_x : SORD(C1,R1) [g],M5: Comp_Name_plate_x : LEVEL(C1) Time[s],M5: Comp_Name_plate_x : LEVEL(C1) [g],M6: Comp_Name_plate_y : SORD(C2,R1) Time[s],M6: Comp_Name_plate_y : SORD(C2,R1) [g],M7: Comp_Name_plate_y : LEVEL(C2) Time[s],M7: Comp_Name_plate_y : LEVEL(C2) [g],M8: Comp_Name_plate_z : SORD(C3,R1) Time[s],M8: Comp_Name_plate_z : SORD(C3,R1) [g],M9: Comp_Name_plate_z : LEVEL(C3) Time[s],M9: Comp_Name_plate_z : LEVEL(C3) [g],M10: LEVEL(R1) Time[s],M10: LEVEL(R1) [rpm]
Unit,s,g,s,g,s,g,s,g,s,g,s,g,s,rpm
Sensor,,,,,,,,,,,,,,
PointId,,,,,,,,,,,,,,Tacho1
PointDir,,'',,'',,'',,'',,'',,'',,''
Info1,,,,,,,,,,,,,,
Info2,,,,,,,,,,,,,,
Info3,,,,,,,,,,,,,,
Info4,,,,,,,,,,,,,,
Z Axis,,,,,,,,,,,,,,
,0.000000000,0.000000000,0.000000000,0.004858287,0.000000000,0.000000000,0.000000000,0.003412606,0.000000000,0.000000000,0.000000000,0.004497355,0.000000000,0.000000000
,0.015625000,0.000000000,0.015625000,0.004751118,0.015625000,0.000000000,0.015625000,0.003440907,0.015625000,0.000000000,0.015625000,0.004407916,0.015625000,0.000000000
,0.031250000,0.000000000,0.031250000,0.004722102,0.031250000,0.000000000,0.031250000,0.003453257,0.031250000,0.000000000,0.031250000,0.004355280,0.031250000,0.000000000
,0.046875000,0.000000000,0.046875000,0.004814463,0.046875000,0.000000000,0.046875000,0.003462546,0.046875000,0.000000000,0.046875000,0.004231768,0.046875000,0.000000000
,0.062500000,0.000000000,0.062500000,0.004774180,0.062500000,0.000000000,0.062500000,0.003449315,0.062500000,0.000000000,0.062500000,0.004089523,0.062500000,0.000000000
,0.078125000,0.000000000,0.078125000,0.004776706,0.078125000,0.000000000,0.078125000,0.003407434,0.078125000,0.000000000,0.078125000,0.003954182,0.078125000,0.000000000
,0.093750000,0.000000000,0.093750000,0.004770936,0.093750000,0.000000000,0.093750000,0.003405451,0.093750000,0.000000000,0.093750000,0.003859749,0.093750000,0.000000000
,0.109375000,0.000000000,0.109375000,0.004781428,0.109375000,0.000000000,0.109375000,0.003327292,0.109375000,0.000000000,0.109375000,0.003791245,0.109375000,0.000000000
,0.125000000,0.000000000,0.125000000,0.004745686,0.125000000,0.000000000,0.125000000,0.003327943,0.125000000,0.000000000,0.125000000,0.003705377,0.125000000,0.000000000
,0.140625000,0.000000000,0.140625000,0.004701087,0.140625000,0.000000000,0.140625000,0.003275532,0.140625000,0.000000000,0.140625000,0.003732849,0.140625000,0.000000000
,0.156250000,0.000000000,0.156250000,0.004604407,0.156250000,0.000000000,0.156250000,0.003248958,0.156250000,0.000000000,0.156250000,0.003783882,0.156250000,0.000000000
,0.171875000,0.000000000,0.171875000,0.004581831,0.171875000,0.000000000,0.171875000,0.003285703,0.171875000,0.000000000,0.171875000,0.004044268,0.171875000,0.000000000
,0.187500000,0.000000000,0.187500000,0.004586437,0.187500000,0.000000000,0.187500000,0.003278877,0.187500000,0.000000000,0.187500000,0.004349733,0.187500000,0.000000000
,0.203125000,0.000000000,0.203125000,0.004577383,0.203125000,0.000000000,0.203125000,0.003286911,0.203125000,0.000000000,0.203125000,0.004571376,0.203125000,0.000000000
,0.218750000,0.000000000,0.218750000,0.004634166,0.218750000,0.000000000,0.218750000,0.003234487,0.218750000,0.000000000,0.218750000,0.004607494,0.218750000,0.000000000
,0.234375000,0.000000000,0.234375000,0.004584552,0.234375000,0.000000000,0.234375000,0.003217193,0.234375000,0.000000000,0.234375000,0.004630784,0.234375000,0.000000000
,0.250000000,0.000000000,0.250000000,0.004508357,0.250000000,0.000000000,0.250000000,0.003201908,0.250000000,0.000000000,0.250000000,0.004744993,0.250000000,0.000000000
,0.265625000,0.000000000,0.265625000,0.004419060,0.265625000,0.000000000,0.265625000,0.003193324,0.265625000,0.000000000,0.265625000,0.004686868,0.265625000,0.000000000
,0.281250000,0.000000000,0.281250000,0.004367376,0.281250000,0.000000000,0.281250000,0.003190943,0.281250000,0.000000000,0.281250000,0.004711723,0.281250000,0.000000000
,0.296875000,0.000000000,0.296875000,0.004311121,0.296875000,0.000000000,0.296875000,0.003219219,0.296875000,0.000000000,0.296875000,0.004879139,0.296875000,0.000000000
,0.312500000,0.000000000,0.312500000,0.004281896,0.312500000,0.000000000,0.312500000,0.003206618,0.312500000,0.000000000,0.312500000,0.005146502,0.312500000,0.000000000
,0.328125000,0.000000000,0.328125000,0.004199015,0.328125000,0.000000000,0.328125000,0.003207947,0.328125000,0.000000000,0.328125000,0.005255533,0.328125000,0.000000000
,0.343750000,0.000000000,0.343750000,0.004149622,0.343750000,0.000000000,0.343750000,0.003182416,0.343750000,0.000000000,0.343750000,0.005287697,0.343750000,0.000000000
,0.359375000,0.000000000,0.359375000,0.004129888,0.359375000,0.000000000,0.359375000,0.003149675,0.359375000,0.000000000,0.359375000,0.005607458,0.359375000,0.000000000
,0.375000000,0.000000000,0.375000000,0.004133354,0.375000000,0.000000000,0.375000000,0.003174871,0.375000000,0.000000000,0.375000000,0.005654711,0.375000000,0.000000000
,0.390625000,0.000000000,0.390625000,0.004174443,0.390625000,0.000000000,0.390625000,0.003247365,0.390625000,0.000000000,0.390625000,0.005659912,0.390625000,0.000000000
,0.406250000,0.000000000,0.406250000,0.004146166,0.406250000,0.000000000,0.406250000,0.003233684,0.406250000,0.000000000,0.406250000,0.005645033,0.406250000,0.000000000
,0.421875000,0.000000000,0.421875000,0.004105047,0.421875000,0.000000000,0.421875000,0.003184454,0.421875000,0.000000000,0.421875000,0.005559794,0.421875000,0.000000000
,0.437500000,0.000000000,0.437500000,0.004049736,0.437500000,0.000000000,0.437500000,0.003196270,0.437500000,0.000000000,0.437500000,0.005663600,0.437500000,0.000000000
,0.453125000,0.000000000,0.453125000,0.004051968,0.453125000,0.000000000,0.453125000,0.003186768,0.453125000,0.000000000,0.453125000,0.005640320,0.453125000,0.000000000
,0.468750000,0.000000000,0.468750000,0.004072268,0.468750000,0.000000000,0.468750000,0.003165806,0.468750000,0.000000000,0.468750000,0.005458020,0.468750000,0.000000000
,0.484375000,0.000000000,0.484375000,0.004049232,0.484375000,0.000000000,0.484375000,0.003155143,0.484375000,0.000000000,0.484375000,0.005554034,0.484375000,0.000000000
,0.500000000,0.000000000,0.500000000,0.004058398,0.500000000,0.000000000,0.500000000,0.003214183,0.500000000,0.000000000,0.500000000,0.005585202,0.500000000,0.000000000
,0.515625000,0.000000000,0.515625000,0.004069805,0.515625000,0.000000000,0.515625000,0.003216977,0.515625000,0.000000000,0.515625000,0.005551776,0.515625000,0.000000000
,0.531250000,0.000000000,0.531250000,0.004010242,0.531250000,0.000000000,0.531250000,0.003257266,0.531250000,0.000000000,0.531250000,0.005411967,0.531250000,0.000000000
,0.546875000,0.000000000,0.546875000,0.004004928,0.546875000,0.000000000,0.546875000,0.003278079,0.546875000,0.000000000,0.546875000,0.005375738,0.546875000,0.000000000
,0.562500000,0.000000000,0.562500000,0.003966327,0.562500000,0.000000000,0.562500000,0.003290881,0.562500000,0.000000000,0.562500000,0.005232887,0.562500000,0.000000000
,0.578125000,0.000000000,0.578125000,0.003963746,0.578125000,0.000000000,0.578125000,0.003424435,0.578125000,0.000000000,0.578125000,0.005220873,0.578125000,0.000000000
,0.593750000,0.000000000,0.593750000,0.003940792,0.593750000,0.000000000,0.593750000,0.003468479,0.593750000,0.000000000,0.593750000,0.005181578,0.593750000,0.000000000
,0.609375000,0.000000000,0.609375000,0.003937888,0.609375000,0.000000000,0.609375000,0.003521957,0.609375000,0.000000000,0.609375000,0.005192647,0.609375000,0.000000000
,0.625000000,0.000000000,0.625000000,0.003919443,0.625000000,0.000000000,0.625000000,0.003538036,0.625000000,0.000000000,0.625000000,0.005158857,0.625000000,0.000000000
,0.640625000,0.000000000,0.640625000,0.003935273,0.640625000,0.000000000,0.640625000,0.003646721,0.640625000,0.000000000,0.640625000,0.005067667,0.640625000,0.000000000
,0.656250000,0.000000000,0.656250000,0.003922149,0.656250000,0.000000000,0.656250000,0.003652220,0.656250000,0.000000000,0.656250000,0.005135151,0.656250000,0.000000000
,0.671875000,0.000000000,0.671875000,0.003917379,0.671875000,0.000000000,0.671875000,0.003711262,0.671875000,0.000000000,0.671875000,0.005001593,0.671875000,0.000000000
,0.687500000,0.000000000,0.687500000,0.003950467,0.687500000,0.000000000,0.687500000,0.003767168,0.687500000,0.000000000,0.687500000,0.004984067,0.687500000,0.000000000
,0.703125000,0.000000000,0.703125000,0.003934961,0.703125000,0.000000000,0.703125000,0.004017591,0.703125000,0.000000000,0.703125000,0.005079945,0.703125000,0.000000000
,0.718750000,0.000000000,0.718750000,0.003945372,0.718750000,0.000000000,0.718750000,0.004285924,0.718750000,0.000000000,0.718750000,0.005075578,0.718750000,0.000000000
,0.734375000,0.000000000,0.734375000,0.003993899,0.734375000,0.000000000,0.734375000,0.004542951,0.734375000,0.000000000,0.734375000,0.005027776,0.734375000,0.000000000
,0.750000000,0.000000000,0.750000000,0.003967157,0.750000000,0.000000000,0.750000000,0.004760738,0.750000000,0.000000000,0.750000000,0.005033136,0.750000000,0.000000000
,0.765625000,0.000000000,0.765625000,0.003934945,0.765625000,0.000000000,0.765625000,0.004909893,0.765625000,0.000000000,0.765625000,0.004974719,0.765625000,0.000000000
,0.781250000,0.000000000,0.781250000,0.003989839,0.781250000,0.000000000,0.781250000,0.005083919,0.781250000,0.000000000,0.781250000,0.004848736,0.781250000,0.000000000
,0.796875000,0.000000000,0.796875000,0.004038296,0.796875000,0.000000000,0.796875000,0.005251859,0.796875000,0.000000000,0.796875000,0.004873304,0.796875000,0.000000000
,0.812500000,0.000000000,0.812500000,0.004029827,0.812500000,0.000000000,0.812500000,0.005453272,0.812500000,0.000000000,0.812500000,0.004931815,0.812500000,0.000000000
,0.828125000,0.000000000,0.828125000,0.003984116,0.828125000,0.000000000,0.828125000,0.005724113,0.828125000,0.000000000,0.828125000,0.005129809,0.828125000,0.000000000
,0.843750000,0.000000000,0.843750000,0.004020825,0.843750000,0.000000000,0.843750000,0.005830172,0.843750000,0.000000000,0.843750000,0.005189992,0.843750000,0.000000000
,0.859375000,0.000000000,0.859375000,0.004016063,0.859375000,0.000000000,0.859375000,0.005832213,0.859375000,0.000000000,0.859375000,0.005166082,0.859375000,0.000000000
,0.875000000,0.000000000,0.875000000,0.004176342,0.875000000,0.000000000,0.875000000,0.005782395,0.875000000,0.000000000,0.875000000,0.005124813,0.875000000,0.000000000
,0.890625000,0.000000000,0.890625000,0.004341417,0.890625000,0.000000000,0.890625000,0.005714975,0.890625000,0.000000000,0.890625000,0.005033719,0.890625000,0.000000000
,0.906250000,0.000000000,0.906250000,0.004528398,0.906250000,0.000000000,0.906250000,0.005660608,0.906250000,0.000000000,0.906250000,0.004944284,0.906250000,0.000000000
,0.921875000,0.000000000,0.921875000,0.004597557,0.921875000,0.000000000,0.921875000,0.005506819,0.921875000,0.000000000,0.921875000,0.004859794,0.921875000,0.000000000
,0.937500000,0.000000000,0.937500000,0.004792801,0.937500000,0.000000000,0.937500000,0.005387133,0.937500000,0.000000000,0.937500000,0.004799020,0.937500000,0.000000000
,0.953125000,0.000000000,0.953125000,0.005277266,0.953125000,0.000000000,0.953125000,0.005217990,0.953125000,0.000000000,0.953125000,0.004736478,0.953125000,0.000000000
,0.968750000,0.000000000,0.968750000,0.005584181,0.968750000,0.000000000,0.968750000,0.005145900,0.968750000,0.000000000,0.968750000,0.004703773,0.968750000,0.000000000
,0.984375000,0.000000000,0.984375000,0.005873660,0.984375000,0.000000000,0.984375000,0.004996131,0.984375000,0.000000000,0.984375000,0.004728601,0.984375000,0.000000000
,1.000000000,0.000000000,1.000000000,0.006340502,1.000000000,0.000000000,1.000000000,0.004898546,1.000000000,0.000000000,1.000000000,0.004682982,1.000000000,0.000000000
,1.015625000,0.000000000,1.015625000,0.006526633,1.015625000,0.000000000,1.015625000,0.004781645,1.015625000,0.000000000,1.015625000,0.004680004,1.015625000,0.000000000
,1.031250000,0.000000000,1.031250000,0.006603283,1.031250000,0.000000000,1.031250000,0.004679924,1.031250000,0.000000000,1.031250000,0.004673768,1.031250000,0.000000000
,1.046875000,0.000000000,1.046875000,0.006634096,1.046875000,0.000000000,1.046875000,0.004546983,1.046875000,0.000000000,1.046875000,0.004625965,1.046875000,0.000000000
,1.062500000,0.000000000,1.062500000,0.006799161,1.062500000,0.000000000,1.062500000,0.004442463,1.062500000,0.000000000,1.062500000,0.004586793,1.062500000,0.000000000
,1.078125000,0.000000000,1.078125000,0.007076549,1.078125000,0.000000000,1.078125000,0.004334243,1.078125000,0.000000000,1.078125000,0.004562100,1.078125000,0.000000000
,1.093750000,0.000000000,1.093750000,0.007200931,1.093750000,0.000000000,1.093750000,0.004288168,1.093750000,0.000000000,1.093750000,0.004610473,1.093750000,0.000000000
,1.109375000,0.000000000,1.109375000,0.007194309,1.109375000,0.000000000,1.109375000,0.004294434,1.109375000,0.000000000,1.109375000,0.004596399,1.109375000,0.000000000
,1.125000000,0.000000000,1.125000000,0.007318399,1.125000000,0.000000000,1.125000000,0.004188938,1.125000000,0.000000000,1.125000000,0.004614832,1.125000000,0.000000000
,1.140625000,0.000000000,1.140625000,0.007203738,1.140625000,0.000000000,1.140625000,0.004189522,1.140625000,0.000000000,1.140625000,0.004877880,1.140625000,0.000000000
,1.156250000,0.000000000,1.156250000,0.007238336,1.156250000,0.000000000,1.156250000,0.004128710,1.156250000,0.000000000,1.156250000,0.005110235,1.156250000,0.000000000
,1.171875000,0.000000000,1.171875000,0.007205095,1.171875000,0.000000000,1.171875000,0.004120132,1.171875000,0.000000000,1.171875000,0.005247529,1.171875000,0.000000000
,1.187500000,0.000000000,1.187500000,0.007090221,1.187500000,0.000000000,1.187500000,0.004093579,1.187500000,0.000000000,1.187500000,0.005380043,1.187500000,0.000000000
,1.203125000,0.000000000,1.203125000,0.007036808,1.203125000,0.000000000,1.203125000,0.004133314,1.203125000,0.000000000,1.203125000,0.005696633,1.203125000,0.000000000
,1.218750000,0.000000000,1.218750000,0.007179040,1.218750000,0.000000000,1.218750000,0.004091416,1.218750000,0.000000000,1.218750000,0.005772325,1.218750000,0.000000000
,1.234375000,0.000000000,1.234375000,0.007060404,1.234375000,0.000000000,1.234375000,0.004111873,1.234375000,0.000000000,1.234375000,0.006235551,1.234375000,0.000000000
,1.250000000,0.000000000,1.250000000,0.006989033,1.250000000,0.000000000,1.250000000,0.004089904,1.250000000,0.000000000,1.250000000,0.006386887,1.250000000,0.000000000
,1.265625000,0.000000000,1.265625000,0.006945416,1.265625000,0.000000000,1.265625000,0.004103115,1.265625000,0.000000000,1.265625000,0.006388938,1.265625000,0.000000000
,1.281250000,0.000000000,1.281250000,0.006777515,1.281250000,0.000000000,1.281250000,0.004177426,1.281250000,0.000000000,1.281250000,0.006319012,1.281250000,0.000000000
,1.296875000,0.000000000,1.296875000,0.006649727,1.296875000,0.000000000,1.296875000,0.004086346,1.296875000,0.000000000,1.296875000,0.006359136,1.296875000,0.000000000
,1.312500000,0.000000000,1.312500000,0.006537268,1.312500000,0.000000000,1.312500000,0.003966995,1.312500000,0.000000000,1.312500000,0.006413388,1.312500000,0.000000000
,1.328125000,0.000000000,1.328125000,0.006360769,1.328125000,0.000000000,1.328125000,0.003922475,1.328125000,0.000000000,1.328125000,0.006589362,1.328125000,0.000000000
,1.343750000,0.000000000,1.343750000,0.006206069,1.343750000,0.000000000,1.343750000,0.003917906,1.343750000,0.000000000,1.343750000,0.006632442,1.343750000,0.000000000
,1.359375000,0.000000000,1.359375000,0.006043394,1.359375000,0.000000000,1.359375000,0.003889082,1.359375000,0.000000000,1.359375000,0.006800546,1.359375000,0.000000000
,1.375000000,0.000000000,1.375000000,0.005839937,1.375000000,0.000000000,1.375000000,0.003865300,1.375000000,0.000000000,1.375000000,0.006957174,1.375000000,0.000000000
,1.390625000,0.000000000,1.390625000,0.005776054,1.390625000,0.000000000,1.390625000,0.003838755,1.390625000,0.000000000,1.390625000,0.007050016,1.390625000,0.000000000
,1.406250000,0.000000000,1.406250000,0.005737483,1.406250000,0.000000000,1.406250000,0.003790282,1.406250000,0.000000000,1.406250000,0.007182531,1.406250000,0.000000000
,1.421875000,0.000000000,1.421875000,0.005642015,1.421875000,0.000000000,1.421875000,0.003699179,1.421875000,0.000000000,1.421875000,0.007240730,1.421875000,0.000000000
,1.437500000,0.000000000,1.437500000,0.005504390,1.437500000,0.000000000,1.437500000,0.003609480,1.437500000,0.000000000,1.437500000,0.007303277,1.437500000,0.000000000
,1.453125000,0.000000000,1.453125000,0.005389960,1.453125000,0.000000000,1.453125000,0.003600804,1.453125000,0.000000000,1.453125000,0.007407451,1.453125000,0.000000000
,1.468750000,0.000000000,1.468750000,0.005240549,1.468750000,0.000000000,1.468750000,0.003554848,1.468750000,0.000000000,1.468750000,0.007616283,1.468750000,0.000000000
,1.484375000,0.000000000,1.484375000,0.005277389,1.484375000,0.000000000,1.484375000,0.003495152,1.484375000,0.000000000,1.484375000,0.007948228,1.484375000,0.000000000
,1.500000000,0.000000000,1.500000000,0.005328902,1.500000000,0.000000000,1.500000000,0.003465445,1.500000000,0.000000000,1.500000000,0.008087263,1.500000000,0.000000000
,1.515625000,0.000000000,1.515625000,0.005337733,1.515625000,0.000000000,1.515625000,0.003492512,1.515625000,0.000000000,1.515625000,0.008502248,1.515625000,0.000000000
,1.531250000,0.000000000,1.531250000,0.005303574,1.531250000,0.000000000,1.531250000,0.003566870,1.531250000,0.000000000,1.531250000,0.009147139,1.531250000,0.000000000
,1.546875000,0.000000000,1.546875000,0.005291708,1.546875000,0.000000000,1.546875000,0.003559136,1.546875000,0.000000000,1.546875000,0.009667260,1.546875000,0.000000000
,1.562500000,0.000000000,1.562500000,0.005334783,1.562500000,0.000000000,1.562500000,0.003545953,1.562500000,0.000000000,1.562500000,0.009855393,1.562500000,0.000000000
,1.578125000,0.000000000,1.578125000,0.005306887,1.578125000,0.000000000,1.578125000,0.003511847,1.578125000,0.000000000,1.578125000,0.010015144,1.578125000,0.000000000
,1.593750000,0.000000000,1.593750000,0.005282284,1.593750000,0.000000000,1.593750000,0.003486835,1.593750000,0.000000000,1.593750000,0.009937047,1.593750000,0.000000000
,1.609375000,0.000000000,1.609375000,0.005205816,1.609375000,0.000000000,1.609375000,0.003401772,1.609375000,0.000000000,1.609375000,0.009909726,1.609375000,0.000000000
,1.625000000,0.000000000,1.625000000,0.005178215,1.625000000,0.000000000,1.625000000,0.003456852,1.625000000,0.000000000,1.625000000,0.009920973,1.625000000,0.000000000
,1.640625000,0.000000000,1.640625000,0.005090479,1.640625000,0.000000000,1.640625000,0.003620935,1.640625000,0.000000000,1.640625000,0.009726874,1.640625000,0.000000000
,1.656250000,0.000000000,1.656250000,0.005010494,1.656250000,0.000000000,1.656250000,0.003593620,1.656250000,0.000000000,1.656250000,0.009558982,1.656250000,0.000000000
,1.671875000,0.000000000,1.671875000,0.004934280,1.671875000,0.000000000,1.671875000,0.003572555,1.671875000,0.000000000,1.671875000,0.009529314,1.671875000,0.000000000
,1.687500000,0.000000000,1.687500000,0.004830891,1.687500000,0.000000000,1.687500000,0.003495067,1.687500000,0.000000000,1.687500000,0.009482260,1.687500000,0.000000000
,1.703125000,0.000000000,1.703125000,0.004757995,1.703125000,0.000000000,1.703125000,0.003433201,1.703125000,0.000000000,1.703125000,0.009359493,1.703125000,0.000000000
,1.718750000,0.000000000,1.718750000,0.004630735,1.718750000,0.000000000,1.718750000,0.003442425,1.718750000,0.000000000,1.718750000,0.009235005,1.718750000,0.000000000
,1.734375000,0.000000000,1.734375000,0.004487587,1.734375000,0.000000000,1.734375000,0.003400614,1.734375000,0.000000000,1.734375000,0.009065991,1.734375000,0.000000000
,1.750000000,0.000000000,1.750000000,0.004381571,1.750000000,0.000000000,1.750000000,0.003353957,1.750000000,0.000000000,1.750000000,0.008979451,1.750000000,0.000000000
,1.765625000,0.000000000,1.765625000,0.004323755,1.765625000,0.000000000,1.765625000,0.003384090,1.765625000,0.000000000,1.765625000,0.008845252,1.765625000,0.000000000
,1.781250000,0.000000000,1.781250000,0.004334610,1.781250000,0.000000000,1.781250000,0.003391838,1.781250000,0.000000000,1.781250000,0.008626288,1.781250000,0.000000000
,1.796875000,0.000000000,1.796875000,0.004311426,1.796875000,0.000000000,1.796875000,0.003442440,1.796875000,0.000000000,1.796875000,0.008390901,1.796875000,0.000000000
,1.812500000,0.000000000,1.812500000,0.004265138,1.812500000,0.000000000,1.812500000,0.003455359,1.812500000,0.000000000,1.812500000,0.008057766,1.812500000,0.000000000
,1.828125000,0.000000000,1.828125000,0.004256941,1.828125000,0.000000000,1.828125000,0.003486687,1.828125000,0.000000000,1.828125000,0.007731682,1.828125000,0.000000000
,1.843750000,0.000000000,1.843750000,0.004179727,1.843750000,0.000000000,1.843750000,0.003611841,1.843750000,0.000000000,1.843750000,0.007397157,1.843750000,0.000000000
,1.859375000,0.000000000,1.859375000,0.004115224,1.859375000,0.000000000,1.859375000,0.003737467,1.859375000,0.000000000,1.859375000,0.007043156,1.859375000,0.000000000
,1.875000000,0.000000000,1.875000000,0.004090570,1.875000000,0.000000000,1.875000000,0.003818368,1.875000000,0.000000000,1.875000000,0.006778287,1.875000000,0.000000000
,1.890625000,0.000000000,1.890625000,0.004045370,1.890625000,0.000000000,1.890625000,0.003850059,1.890625000,0.000000000,1.890625000,0.006503574,1.890625000,0.000000000
,1.906250000,0.000000000,1.906250000,0.004023426,1.906250000,0.000000000,1.906250000,0.003760892,1.906250000,0.000000000,1.906250000,0.006324020,1.906250000,0.000000000
,1.921875000,0.000000000,1.921875000,0.003988431,1.921875000,0.000000000,1.921875000,0.003687735,1.921875000,0.000000000,1.921875000,0.006078351,1.921875000,0.000000000
,1.937500000,0.000000000,1.937500000,0.004016477,1.937500000,0.000000000,1.937500000,0.003627652,1.937500000,0.000000000,1.937500000,0.006053518,1.937500000,0.000000000
,1.953125000,0.000000000,1.953125000,0.004071738,1.953125000,0.000000000,1.953125000,0.003605855,1.953125000,0.000000000,1.953125000,0.005981917,1.953125000,0.000000000
,1.968750000,0.000000000,1.968750000,0.004046460,1.968750000,0.000000000,1.968750000,0.003635851,1.968750000,0.000000000,1.968750000,0.005845228,1.968750000,0.000000000
,1.984375000,0.000000000,1.984375000,0.004058679,1.984375000,0.000000000,1.984375000,0.003622203,1.984375000,0.000000000,1.984375000,0.005692517,1.984375000,0.000000000
,2.000000000,0.000000000,2.000000000,0.004065968,2.000000000,0.000000000,2.000000000,0.003675531,2.000000000,0.000000000,2.000000000,0.005513991,2.000000000,0.000000000
,2.015625000,0.000000000,2.015625000,0.004054586,2.015625000,0.000000000,2.015625000,0.003693926,2.015625000,0.000000000,2.015625000,0.005523965,2.015625000,0.000000000
,2.031250000,0.000000000,2.031250000,0.003978280,2.031250000,0.000000000,2.031250000,0.003669957,2.031250000,0.000000000,2.031250000,0.005642332,2.031250000,0.000000000
,2.046875000,0.000000000,2.046875000,0.003967685,2.046875000,0.000000000,2.046875000,0.003857218,2.046875000,0.000000000,2.046875000,0.005983010,2.046875000,0.000000000
,2.062500000,0.000000000,2.062500000,0.003988069,2.062500000,0.000000000,2.062500000,0.003991712,2.062500000,0.000000000,2.062500000,0.006061797,2.062500000,0.000000000
,2.078125000,0.000000000,2.078125000,0.004016521,2.078125000,0.000000000,2.078125000,0.004145083,2.078125000,0.000000000,2.078125000,0.006165080,2.078125000,0.000000000
,2.093750000,0.000000000,2.093750000,0.004025972,2.093750000,0.000000000,2.093750000,0.004179848,2.093750000,0.000000000,2.093750000,0.006138580,2.093750000,0.000000000
,2.109375000,0.000000000,2.109375000,0.004041443,2.109375000,0.000000000,2.109375000,0.004136076,2.109375000,0.000000000,2.109375000,0.006086601,2.109375000,0.000000000
,2.125000000,0.000000000,2.125000000,0.004049242,2.125000000,0.000000000,2.125000000,0.004038562,2.125000000,0.000000000,2.125000000,0.005980396,2.125000000,0.000000000
,2.140625000,0.000000000,2.140625000,0.004118273,2.140625000,0.000000000,2.140625000,0.004019881,2.140625000,0.000000000,2.140625000,0.006053889,2.140625000,0.000000000
,2.156250000,0.000000000,2.156250000,0.004174664,2.156250000,0.000000000,2.156250000,0.004006730,2.156250000,0.000000000,2.156250000,0.006177945,2.156250000,0.000000000
,2.171875000,0.000000000,2.171875000,0.004224272,2.171875000,0.000000000,2.171875000,0.003975291,2.171875000,0.000000000,2.171875000,0.006157029,2.171875000,0.000000000
,2.187500000,0.000000000,2.187500000,0.004354805,2.187500000,0.000000000,2.187500000,0.004005679,2.187500000,0.000000000,2.187500000,0.005969483,2.187500000,0.000000000
,2.203125000,0.000000000,2.203125000,0.004557857,2.203125000,0.000000000,2.203125000,0.004085289,2.203125000,0.000000000,2.203125000,0.005774001,2.203125000,0.000000000
,2.218750000,0.000000000,2.218750000,0.004605202,2.218750000,0.000000000,2.218750000,0.004230051,2.218750000,0.000000000,2.218750000,0.005726912,2.218750000,0.000000000
,2.234375000,0.000000000,2.234375000,0.004706017,2.234375000,0.000000000,2.234375000,0.004557481,2.234375000,0.000000000,2.234375000,0.005756351,2.234375000,0.000000000
,2.250000000,0.000000000,2.250000000,0.004696003,2.250000000,0.000000000,2.250000000,0.004863387,2.250000000,0.000000000,2.250000000,0.005693255,2.250000000,0.000000000
,2.265625000,0.000000000,2.265625000,0.004667687,2.265625000,0.000000000,2.265625000,0.004903401,2.265625000,0.000000000,2.265625000,0.005704843,2.265625000,0.000000000
,2.281250000,0.000000000,2.281250000,0.004625195,2.281250000,0.000000000,2.281250000,0.004864360,2.281250000,0.000000000,2.281250000,0.005723447,2.281250000,0.000000000
,2.296875000,0.000000000,2.296875000,0.004609259,2.296875000,0.000000000,2.296875000,0.004928675,2.296875000,0.000000000,2.296875000,0.005652822,2.296875000,0.000000000
,2.312500000,0.000000000,2.312500000,0.004595205,2.312500000,0.000000000,2.312500000,0.004930982,2.312500000,0.000000000,2.312500000,0.005652182,2.312500000,0.000000000
,2.328125000,0.000000000,2.328125000,0.004724350,2.328125000,0.000000000,2.328125000,0.004867135,2.328125000,0.000000000,2.328125000,0.005689664,2.328125000,0.000000000
,2.343750000,0.000000000,2.343750000,0.004961284,2.343750000,0.000000000,2.343750000,0.004842222,2.343750000,0.000000000,2.343750000,0.005833659,2.343750000,0.000000000
,2.359375000,0.000000000,2.359375000,0.005051956,2.359375000,0.000000000,2.359375000,0.004882632,2.359375000,0.000000000,2.359375000,0.006089919,2.359375000,0.000000000
,2.375000000,0.000000000,2.375000000,0.005006329,2.375000000,0.000000000,2.375000000,0.004900280,2.375000000,0.000000000,2.375000000,0.006313270,2.375000000,0.000000000
,2.390625000,0.000000000,2.390625000,0.004977651,2.390625000,0.000000000,2.390625000,0.004808241,2.390625000,0.000000000,2.390625000,0.006288793,2.390625000,0.000000000
,2.406250000,0.000000000,2.406250000,0.004932657,2.406250000,0.000000000,2.406250000,0.004667113,2.406250000,0.000000000,2.406250000,0.006156838,2.406250000,0.000000000
,2.421875000,0.000000000,2.421875000,0.004980900,2.421875000,0.000000000,2.421875000,0.004503813,2.421875000,0.000000000,2.421875000,0.006066366,2.421875000,0.000000000
,2.437500000,0.000000000,2.437500000,0.005081960,2.437500000,0.000000000,2.437500000,0.004503516,2.437500000,0.000000000,2.437500000,0.006016032,2.437500000,0.000000000
,2.453125000,0.000000000,2.453125000,0.005142348,2.453125000,0.000000000,2.453125000,0.004421475,2.453125000,0.000000000,2.453125000,0.006113640,2.453125000,0.000000000
,2.468750000,0.000000000,2.468750000,0.005194207,2.468750000,0.000000000,2.468750000,0.004351382,2.468750000,0.000000000,2.468750000,0.006182116,2.468750000,0.000000000
,2.484375000,0.000000000,2.484375000,0.005119332,2.484375000,0.000000000,2.484375000,0.004297127,2.484375000,0.000000000,2.484375000,0.006135121,2.484375000,0.000000000
,2.500000000,0.000000000,2.500000000,0.005202288,2.500000000,0.000000000,2.500000000,0.004265729,2.500000000,0.000000000,2.500000000,0.006151446,2.500000000,0.000000000
,2.515625000,0.000000000,2.515625000,0.005100775,2.515625000,0.000000000,2.515625000,0.004178447,2.515625000,0.000000000,2.515625000,0.006144016,2.515625000,0.000000000
,2.531250000,0.000000000,2.531250000,0.005056366,2.531250000,0.000000000,2.531250000,0.004090984,2.531250000,0.000000000,2.531250000,0.006033939,2.531250000,0.000000000
,2.546875000,0.000000000,2.546875000,0.005042464,2.546875000,0.000000000,2.546875000,0.003998921,2.546875000,0.000000000,2.546875000,0.006108980,2.546875000,0.000000000
,2.562500000,0.000000000,2.562500000,0.004990421,2.562500000,0.000000000,2.562500000,0.003916851,2.562500000,0.000000000,2.562500000,0.006233284,2.562500000,0.000000000
,2.578125000,0.000000000,2.578125000,0.004988291,2.578125000,0.000000000,2.578125000,0.003843859,2.578125000,0.000000000,2.578125000,0.006355678,2.578125000,0.000000000
,2.593750000,0.000000000,2.593750000,0.005002784,2.593750000,0.000000000,2.593750000,0.003830277,2.593750000,0.000000000,2.593750000,0.006339098,2.593750000,0.000000000
,2.609375000,0.000000000,2.609375000,0.004929689,2.609375000,0.000000000,2.609375000,0.003722514,2.609375000,0.000000000,2.609375000,0.006419044,2.609375000,0.000000000
,2.625000000,0.000000000,2.625000000,0.004811150,2.625000000,0.000000000,2.625000000,0.003756027,2.625000000,0.000000000,2.625000000,0.006354414,2.625000000,0.000000000
,2.640625000,0.000000000,2.640625000,0.004713685,2.640625000,0.000000000,2.640625000,0.003756865,2.640625000,0.000000000,2.640625000,0.006499866,2.640625000,0.000000000
,2.656250000,0.000000000,2.656250000,0.004705385,2.656250000,0.000000000,2.656250000,0.003796569,2.656250000,0.000000000,2.656250000,0.006506774,2.656250000,0.000000000
,2.671875000,0.000000000,2.671875000,0.004608543,2.671875000,0.000000000,2.671875000,0.003843507,2.671875000,0.000000000,2.671875000,0.006341768,2.671875000,0.000000000
,2.687500000,0.000000000,2.687500000,0.004510460,2.687500000,0.000000000,2.687500000,0.003851692,2.687500000,0.000000000,2.687500000,0.006086200,2.687500000,0.000000000
,2.703125000,0.000000000,2.703125000,0.004417562,2.703125000,0.000000000,2.703125000,0.003844276,2.703125000,0.000000000,2.703125000,0.005844284,2.703125000,0.000000000
,2.718750000,0.000000000,2.718750000,0.004391159,2.718750000,0.000000000,2.718750000,0.003810704,2.718750000,0.000000000,2.718750000,0.005584673,2.718750000,0.000000000
,2.734375000,0.000000000,2.734375000,0.004387910,2.734375000,0.000000000,2.734375000,0.003846268,2.734375000,0.000000000,2.734375000,0.005347565,2.734375000,0.000000000
,2.750000000,0.000000000,2.750000000,0.004338529,2.750000000,0.000000000,2.750000000,0.003924622,2.750000000,0.000000000,2.750000000,0.005132486,2.750000000,0.000000000
,2.765625000,0.000000000,2.765625000,0.004296248,2.765625000,0.000000000,2.765625000,0.003836303,2.765625000,0.000000000,2.765625000,0.004931978,2.765625000,0.000000000
,2.781250000,0.000000000,2.781250000,0.004221289,2.781250000,0.000000000,2.781250000,0.003932638,2.781250000,0.000000000,2.781250000,0.004738247,2.781250000,0.000000000
,2.796875000,0.000000000,2.796875000,0.004191642,2.796875000,0.000000000,2.796875000,0.004108872,2.796875000,0.000000000,2.796875000,0.004599381,2.796875000,0.000000000
,2.812500000,0.000000000,2.812500000,0.004168080,2.812500000,0.000000000,2.812500000,0.004307671,2.812500000,0.000000000,2.812500000,0.004496551,2.812500000,0.000000000
,2.828125000,0.000000000,2.828125000,0.004104514,2.828125000,0.000000000,2.828125000,0.004449017,2.828125000,0.000000000,2.828125000,0.004482362,2.828125000,0.000000000
,2.843750000,0.000000000,2.843750000,0.004055071,2.843750000,0.000000000,2.843750000,0.004509119,2.843750000,0.000000000,2.843750000,0.004564755,2.843750000,0.000000000
,2.859375000,0.000000000,2.859375000,0.003992918,2.859375000,0.000000000,2.859375000,0.004538426,2.859375000,0.000000000,2.859375000,0.004499132,2.859375000,0.000000000
,2.875000000,0.000000000,2.875000000,0.003983008,2.875000000,0.000000000,2.875000000,0.004483525,2.875000000,0.000000000,2.875000000,0.004425544,2.875000000,0.000000000
,2.890625000,0.000000000,2.890625000,0.003960610,2.890625000,0.000000000,2.890625000,0.004385899,2.890625000,0.000000000,2.890625000,0.004402258,2.890625000,0.000000000
,2.906250000,0.000000000,2.906250000,0.003988275,2.906250000,0.000000000,2.906250000,0.004358091,2.906250000,0.000000000,2.906250000,0.004545238,2.906250000,0.000000000
,2.921875000,0.000000000,2.921875000,0.003935056,2.921875000,0.000000000,2.921875000,0.004250704,2.921875000,0.000000000,2.921875000,0.004690434,2.921875000,0.000000000
,2.937500000,0.000000000,2.937500000,0.003946865,2.937500000,0.000000000,2.937500000,0.004181661,2.937500000,0.000000000,2.937500000,0.004668170,2.937500000,0.000000000
,2.953125000,0.000000000,2.953125000,0.003911565,2.953125000,0.000000000,2.953125000,0.004200801,2.953125000,0.000000000,2.953125000,0.004793953,2.953125000,0.000000000
,2.968750000,0.000000000,2.968750000,0.004047819,2.968750000,0.000000000,2.968750000,0.004308952,2.968750000,0.000000000,2.968750000,0.004767093,2.968750000,0.000000000
,2.984375000,0.000000000,2.984375000,0.004120304,2.984375000,0.000000000,2.984375000,0.004285472,2.984375000,0.000000000,2.984375000,0.004870133,2.984375000,0.000000000
,3.000000000,0.000000000,3.000000000,0.004136482,3.000000000,0.000000000,3.000000000,0.004296221,3.000000000,0.000000000,3.000000000,0.005049300,3.000000000,0.000000000
,3.015625000,0.000000000,3.015625000,0.004114294,3.015625000,0.000000000,3.015625000,0.004217460,3.015625000,0.000000000,3.015625000,0.005141281,3.015625000,0.000000000
,3.031250000,0.000000000,3.031250000,0.004022773,3.031250000,0.000000000,3.031250000,0.004173433,3.031250000,0.000000000,3.031250000,0.005275206,3.031250000,0.000000000
,3.046875000,0.000000000,3.046875000,0.004029510,3.046875000,0.000000000,3.046875000,0.004086985,3.046875000,0.000000000,3.046875000,0.005280658,3.046875000,0.000000000
,3.062500000,0.000000000,3.062500000,0.004017766,3.062500000,0.000000000,3.062500000,0.004100261,3.062500000,0.000000000,3.062500000,0.005367761,3.062500000,0.000000000
,3.078125000,0.000000000,3.078125000,0.004033155,3.078125000,0.000000000,3.078125000,0.004096261,3.078125000,0.000000000,3.078125000,0.005517810,3.078125000,0.000000000
,3.093750000,0.000000000,3.093750000,0.004011777,3.093750000,0.000000000,3.093750000,0.004028212,3.093750000,0.000000000,3.093750000,0.005772926,3.093750000,0.000000000
,3.109375000,0.000000000,3.109375000,0.004077961,3.109375000,0.000000000,3.109375000,0.003931018,3.109375000,0.000000000,3.109375000,0.005891438,3.109375000,0.000000000
,3.125000000,0.000000000,3.125000000,0.004069138,3.125000000,0.000000000,3.125000000,0.003877328,3.125000000,0.000000000,3.125000000,0.006050440,3.125000000,0.000000000
,3.140625000,0.000000000,3.140625000,0.004117458,3.140625000,0.000000000,3.140625000,0.003829565,3.140625000,0.000000000,3.140625000,0.006044948,3.140625000,0.000000000
,3.156250000,0.000000000,3.156250000,0.004060935,3.156250000,0.000000000,3.156250000,0.003804997,3.156250000,0.000000000,3.156250000,0.005937785,3.156250000,0.000000000
,3.171875000,0.000000000,3.171875000,0.004081504,3.171875000,0.000000000,3.171875000,0.003779408,3.171875000,0.000000000,3.171875000,0.005912563,3.171875000,0.000000000
,3.187500000,0.000000000,3.187500000,0.004036262,3.187500000,0.000000000,3.187500000,0.003842971,3.187500000,0.000000000,3.187500000,0.005912381,3.187500000,0.000000000
,3.203125000,0.000000000,3.203125000,0.004025815,3.203125000,0.000000000,3.203125000,0.003957979,3.203125000,0.000000000,3.203125000,0.005849933,3.203125000,0.000000000
,3.218750000,0.000000000,3.218750000,0.004031954,3.218750000,0.000000000,3.218750000,0.004084433,3.218750000,0.000000000,3.218750000,0.005796504,3.218750000,0.000000000
,3.234375000,0.000000000,3.234375000,0.004022821,3.234375000,0.000000000,3.234375000,0.004034613,3.234375000,0.000000000,3.234375000,0.005755518,3.234375000,0.000000000
,3.250000000,0.000000000,3.250000000,0.004061637,3.250000000,0.000000000,3.250000000,0.003962180,3.250000000,0.000000000,3.250000000,0.005770787,3.250000000,0.000000000
,3.265625000,0.000000000,3.265625000,0.004140695,3.265625000,0.000000000,3.265625000,0.003877161,3.265625000,0.000000000,3.265625000,0.005838015,3.265625000,0.000000000
,3.281250000,0.000000000,3.281250000,0.004203379,3.281250000,0.000000000,3.281250000,0.003785678,3.281250000,0.000000000,3.281250000,0.005765715,3.281250000,0.000000000
,3.296875000,0.000000000,3.296875000,0.004225267,3.296875000,0.000000000,3.296875000,0.003685199,3.296875000,0.000000000,3.296875000,0.005626759,3.296875000,0.000000000
,3.312500000,0.000000000,3.312500000,0.004341780,3.312500000,0.000000000,3.312500000,0.003658429,3.312500000,0.000000000,3.312500000,0.005690392,3.312500000,0.000000000
,3.328125000,0.000000000,3.328125000,0.004527214,3.328125000,0.000000000,3.328125000,0.003725111,3.328125000,0.000000000,3.328125000,0.005673608,3.328125000,0.000000000
,3.343750000,0.000000000,3.343750000,0.004591524,3.343750000,0.000000000,3.343750000,0.003701896,3.343750000,0.000000000,3.343750000,0.005727988,3.343750000,0.000000000
,3.359375000,0.000000000,3.359375000,0.004678753,3.359375000,0.000000000,3.359375000,0.003667837,3.359375000,0.000000000,3.359375000,0.005694565,3.359375000,0.000000000
,3.375000000,0.000000000,3.375000000,0.004657326,3.375000000,0.000000000,3.375000000,0.003593456,3.375000000,0.000000000,3.375000000,0.005669130,3.375000000,0.000000000
,3.390625000,0.000000000,3.390625000,0.004576127,3.390625000,0.000000000,3.390625000,0.003535096,3.390625000,0.000000000,3.390625000,0.005726113,3.390625000,0.000000000
,3.406250000,0.000000000,3.406250000,0.004559573,3.406250000,0.000000000,3.406250000,0.003488034,3.406250000,0.000000000,3.406250000,0.005802333,3.406250000,0.000000000
,3.421875000,0.000000000,3.421875000,0.004548517,3.421875000,0.000000000,3.421875000,0.003451118,3.421875000,0.000000000,3.421875000,0.005811726,3.421875000,0.000000000
,3.437500000,0.000000000,3.437500000,0.004600663,3.437500000,0.000000000,3.437500000,0.003507043,3.437500000,0.000000000,3.437500000,0.005849489,3.437500000,0.000000000
,3.453125000,0.000000000,3.453125000,0.004654047,3.453125000,0.000000000,3.453125000,0.003595074,3.453125000,0.000000000,3.453125000,0.005831338,3.453125000,0.000000000
,3.468750000,0.000000000,3.468750000,0.004690815,3.468750000,0.000000000,3.468750000,0.003630126,3.468750000,0.000000000,3.468750000,0.005811566,3.468750000,0.000000000
,3.484375000,0.000000000,3.484375000,0.004667428,3.484375000,0.000000000,3.484375000,0.003732831,3.484375000,0.000000000,3.484375000,0.005685414,3.484375000,0.000000000
,3.500000000,0.000000000,3.500000000,0.004672579,3.500000000,0.000000000,3.500000000,0.003749185,3.500000000,0.000000000,3.500000000,0.005503689,3.500000000,0.000000000
,3.515625000,0.000000000,3.515625000,0.004759801,3.515625000,0.000000000,3.515625000,0.003764726,3.515625000,0.000000000,3.515625000,0.005317777,3.515625000,0.000000000
,3.531250000,0.000000000,3.531250000,0.004912672,3.531250000,0.000000000,3.531250000,0.003725400,3.531250000,0.000000000,3.531250000,0.005198412,3.531250000,0.000000000
,3.546875000,0.000000000,3.546875000,0.004910208,3.546875000,0.000000000,3.546875000,0.003869317,3.546875000,0.000000000,3.546875000,0.005015211,3.546875000,0.000000000
,3.562500000,0.000000000,3.562500000,0.004880824,3.562500000,0.000000000,3.562500000,0.003865946,3.562500000,0.000000000,3.562500000,0.004817963,3.562500000,0.000000000
,3.578125000,0.000000000,3.578125000,0.004927968,3.578125000,0.000000000,3.578125000,0.003768393,3.578125000,0.000000000,3.578125000,0.004649232,3.578125000,0.000000000
,3.593750000,0.000000000,3.593750000,0.004948167,3.593750000,0.000000000,3.593750000,0.003703349,3.593750000,0.000000000,3.593750000,0.004505021,3.593750000,0.000000000
,3.609375000,0.000000000,3.609375000,0.004919861,3.609375000,0.000000000,3.609375000,0.003721128,3.609375000,0.000000000,3.609375000,0.004354051,3.609375000,0.000000000
,3.625000000,0.000000000,3.625000000,0.004978089,3.625000000,0.000000000,3.625000000,0.003725293,3.625000000,0.000000000,3.625000000,0.004246559,3.625000000,0.000000000
,3.640625000,0.000000000,3.640625000,0.005150777,3.640625000,0.000000000,3.640625000,0.003731702,3.640625000,0.000000000,3.640625000,0.004126322,3.640625000,0.000000000
,3.656250000,0.000000000,3.656250000,0.005313660,3.656250000,0.000000000,3.656250000,0.003660207,3.656250000,0.000000000,3.656250000,0.003995129,3.656250000,0.000000000
,3.671875000,0.000000000,3.671875000,0.005256115,3.671875000,0.000000000,3.671875000,0.003660665,3.671875000,0.000000000,3.671875000,0.003915397,3.671875000,0.000000000
,3.687500000,0.000000000,3.687500000,0.005379285,3.687500000,0.000000000,3.687500000,0.003801464,3.687500000,0.000000000,3.687500000,0.003822179,3.687500000,0.000000000
,3.703125000,0.000000000,3.703125000,0.005483801,3.703125000,0.000000000,3.703125000,0.003964868,3.703125000,0.000000000,3.703125000,0.003737703,3.703125000,0.000000000
,3.718750000,0.000000000,3.718750000,0.005578381,3.718750000,0.000000000,3.718750000,0.004005775,3.718750000,0.000000000,3.718750000,0.003680122,3.718750000,0.000000000
,3.734375000,0.000000000,3.734375000,0.005485320,3.734375000,0.000000000,3.734375000,0.003912834,3.734375000,0.000000000,3.734375000,0.003637908,3.734375000,0.000000000
,3.750000000,0.000000000,3.750000000,0.005502378,3.750000000,0.000000000,3.750000000,0.003997493,3.750000000,0.000000000,3.750000000,0.003572733,3.750000000,0.000000000
,3.765625000,0.000000000,3.765625000,0.005434309,3.765625000,0.000000000,3.765625000,0.004217768,3.765625000,0.000000000,3.765625000,0.003519605,3.765625000,0.000000000
,3.781250000,0.000000000,3.781250000,0.005400522,3.781250000,0.000000000,3.781250000,0.004458942,3.781250000,0.000000000,3.781250000,0.003509759,3.781250000,0.000000000
,3.796875000,0.000000000,3.796875000,0.005336499,3.796875000,0.000000000,3.796875000,0.004546599,3.796875000,0.000000000,3.796875000,0.003494870,3.796875000,0.000000000
,3.812500000,0.000000000,3.812500000,0.005247606,3.812500000,0.000000000,3.812500000,0.004596076,3.812500000,0.000000000,3.812500000,0.003451846,3.812500000,0.000000000
,3.828125000,0.000000000,3.828125000,0.005302429,3.828125000,0.000000000,3.828125000,0.004568563,3.828125000,0.000000000,3.828125000,0.003461155,3.828125000,0.000000000
,3.843750000,0.000000000,3.843750000,0.005205095,3.843750000,0.000000000,3.843750000,0.004734190,3.843750000,0.000000000,3.843750000,0.003407947,3.843750000,0.000000000
,3.859375000,0.000000000,3.859375000,0.005172888,3.859375000,0.000000000,3.859375000,0.004765831,3.859375000,0.000000000,3.859375000,0.003381053,3.859375000,0.000000000
,3.875000000,0.000000000,3.875000000,0.005017103,3.875000000,0.000000000,3.875000000,0.004663877,3.875000000,0.000000000,3.875000000,0.003386878,3.875000000,0.000000000
,3.890625000,0.000000000,3.890625000,0.004887010,3.890625000,0.000000000,3.890625000,0.004589261,3.890625000,0.000000000,3.890625000,0.003468430,3.890625000,0.000000000
,3.906250000,0.000000000,3.906250000,0.004737432,3.906250000,0.000000000,3.906250000,0.004564791,3.906250000,0.000000000,3.906250000,0.003477106,3.906250000,0.000000000
,3.921875000,0.000000000,3.921875000,0.004638226,3.921875000,0.000000000,3.921875000,0.004629595,3.921875000,0.000000000,3.921875000,0.003428427,3.921875000,0.000000000
,3.937500000,0.000000000,3.937500000,0.004599144,3.937500000,0.000000000,3.937500000,0.004571512,3.937500000,0.000000000,3.937500000,0.003388918,3.937500000,0.000000000
,3.953125000,0.000000000,3.953125000,0.004586078,3.953125000,0.000000000,3.953125000,0.004535657,3.953125000,0.000000000,3.953125000,0.003452827,3.953125000,0.000000000
,3.968750000,0.000000000,3.968750000,0.004606805,3.968750000,0.000000000,3.968750000,0.004535335,3.968750000,0.000000000,3.968750000,0.003389094,3.968750000,0.000000000
,3.984375000,0.000000000,3.984375000,0.004746169,3.984375000,0.000000000,3.984375000,0.004640136,3.984375000,0.000000000,3.984375000,0.003346905,3.984375000,0.000000000
,4.000000000,0.000000000,4.000000000,0.004705225,4.000000000,0.000000000,4.000000000,0.004654726,4.000000000,0.000000000,4.000000000,0.003358059,4.000000000,0.000000000
,4.015625000,0.000000000,4.015625000,0.004845632,4.015625000,0.000000000,4.015625000,0.004658738,4.015625000,0.000000000,4.015625000,0.003310104,4.015625000,0.000000000
,4.031250000,0.000000000,4.031250000,0.004848181,4.031250000,0.000000000,4.031250000,0.004554533,4.031250000,0.000000000,4.031250000,0.003351497,4.031250000,0.000000000
,4.046875000,0.000000000,4.046875000,0.004867164,4.046875000,0.000000000,4.046875000,0.004610157,4.046875000,0.000000000,4.046875000,0.003438932,4.046875000,0.000000000
,4.062500000,0.000000000,4.062500000,0.004884482,4.062500000,0.000000000,4.062500000,0.004714439,4.062500000,0.000000000,4.062500000,0.003412101,4.062500000,0.000000000
,4.078125000,0.000000000,4.078125000,0.004924241,4.078125000,0.000000000,4.078125000,0.004743085,4.078125000,0.000000000,4.078125000,0.003379361,4.078125000,0.000000000
,4.093750000,0.000000000,4.093750000,0.004957370,4.093750000,0.000000000,4.093750000,0.004861598,4.093750000,0.000000000,4.093750000,0.003370709,4.093750000,0.000000000
,4.109375000,0.000000000,4.109375000,0.005134694,4.109375000,0.000000000,4.109375000,0.005159575,4.109375000,0.000000000,4.109375000,0.003367885,4.109375000,0.000000000
,4.125000000,0.000000000,4.125000000,0.005448122,4.125000000,0.000000000,4.125000000,0.005386343,4.125000000,0.000000000,4.125000000,0.003427021,4.125000000,0.000000000
,4.140625000,0.000000000,4.140625000,0.005782061,4.140625000,0.000000000,4.140625000,0.005521115,4.140625000,0.000000000,4.140625000,0.003562827,4.140625000,0.000000000
,4.156250000,0.000000000,4.156250000,0.005952422,4.156250000,0.000000000,4.156250000,0.005538408,4.156250000,0.000000000,4.156250000,0.003756781,4.156250000,0.000000000
,4.171875000,0.000000000,4.171875000,0.006094742,4.171875000,0.000000000,4.171875000,0.005845462,4.171875000,0.000000000,4.171875000,0.003828020,4.171875000,0.000000000
,4.187500000,0.000000000,4.187500000,0.006498298,4.187500000,0.000000000,4.187500000,0.006112295,4.187500000,0.000000000,4.187500000,0.003741545,4.187500000,0.000000000
,4.203125000,0.000000000,4.203125000,0.007015388,4.203125000,0.000000000,4.203125000,0.006222359,4.203125000,0.000000000,4.203125000,0.003744408,4.203125000,0.000000000
,4.218750000,0.000000000,4.218750000,0.007567589,4.218750000,0.000000000,4.218750000,0.006364158,4.218750000,0.000000000,4.218750000,0.003656506,4.218750000,0.000000000
,4.234375000,0.000000000,4.234375000,0.008078989,4.234375000,0.000000000,4.234375000,0.006565478,4.234375000,0.000000000,4.234375000,0.003652683,4.234375000,0.000000000
,4.250000000,0.000000000,4.250000000,0.008377208,4.250000000,0.000000000,4.250000000,0.006807696,4.250000000,0.000000000,4.250000000,0.003661338,4.250000000,0.000000000
,4.265625000,0.000000000,4.265625000,0.008466410,4.265625000,0.000000000,4.265625000,0.006980835,4.265625000,0.000000000,4.265625000,0.003602355,4.265625000,0.000000000
,4.281250000,0.000000000,4.281250000,0.008531871,4.281250000,0.000000000,4.281250000,0.007279801,4.281250000,0.000000000,4.281250000,0.003638319,4.281250000,0.000000000
,4.296875000,0.000000000,4.296875000,0.008876346,4.296875000,0.000000000,4.296875000,0.007452837,4.296875000,0.000000000,4.296875000,0.003682618,4.296875000,0.000000000
,4.312500000,0.000000000,4.312500000,0.009026358,4.312500000,0.000000000,4.312500000,0.007523004,4.312500000,0.000000000,4.312500000,0.003634515,4.312500000,0.000000000
,4.328125000,0.000000000,4.328125000,0.009182032,4.328125000,0.000000000,4.328125000,0.007661846,4.328125000,0.000000000,4.328125000,0.003581276,4.328125000,0.000000000
,4.343750000,0.000000000,4.343750000,0.009255143,4.343750000,0.000000000,4.343750000,0.007743875,4.343750000,0.000000000,4.343750000,0.003551281,4.343750000,0.000000000
,4.359375000,0.000000000,4.359375000,0.009584104,4.359375000,0.000000000,4.359375000,0.007718020,4.359375000,0.000000000,4.359375000,0.003500168,4.359375000,0.000000000
,4.375000000,0.000000000,4.375000000,0.009831740,4.375000000,0.000000000,4.375000000,0.007638787,4.375000000,0.000000000,4.375000000,0.003413599,4.375000000,0.000000000
,4.390625000,0.000000000,4.390625000,0.009790273,4.390625000,0.000000000,4.390625000,0.007549348,4.390625000,0.000000000,4.390625000,0.003373155,4.390625000,0.000000000
,4.406250000,0.000000000,4.406250000,0.010051474,4.406250000,0.000000000,4.406250000,0.007409716,4.406250000,0.000000000,4.406250000,0.003353941,4.406250000,0.000000000
,4.421875000,0.000000000,4.421875000,0.010369781,4.421875000,0.000000000,4.421875000,0.007268128,4.421875000,0.000000000,4.421875000,0.003344929,4.421875000,0.000000000
,4.437500000,0.000000000,4.437500000,0.010748318,4.437500000,0.000000000,4.437500000,0.007257595,4.437500000,0.000000000,4.437500000,0.003282293,4.437500000,0.000000000
,4.453125000,0.000000000,4.453125000,0.011062697,4.453125000,0.000000000,4.453125000,0.007201379,4.453125000,0.000000000,4.453125000,0.003218856,4.453125000,0.000000000
,4.468750000,0.000000000,4.468750000,0.011323091,4.468750000,0.000000000,4.468750000,0.007234372,4.468750000,0.000000000,4.468750000,0.003228243,4.468750000,0.000000000
,4.484375000,0.000000000,4.484375000,0.011462480,4.484375000,0.000000000,4.484375000,0.007260793,4.484375000,0.000000000,4.484375000,0.003210991,4.484375000,0.000000000
,4.500000000,0.000000000,4.500000000,0.011607481,4.500000000,0.000000000,4.500000000,0.007242322,4.500000000,0.000000000,4.500000000,0.003260027,4.500000000,0.000000000
,4.515625000,0.000000000,4.515625000,0.011779785,4.515625000,0.000000000,4.515625000,0.007111858,4.515625000,0.000000000,4.515625000,0.003258626,4.515625000,0.000000000
,4.531250000,0.000000000,4.531250000,0.012009157,4.531250000,0.000000000,4.531250000,0.006948990,4.531250000,0.000000000,4.531250000,0.003241813,4.531250000,0.000000000
,4.546875000,0.000000000,4.546875000,0.012259668,4.546875000,0.000000000,4.546875000,0.006778044,4.546875000,0.000000000,4.546875000,0.003194872,4.546875000,0.000000000
,4.562500000,0.000000000,4.562500000,0.012178897,4.562500000,0.000000000,4.562500000,0.006626013,4.562500000,0.000000000,4.562500000,0.003205597,4.562500000,0.000000000
,4.578125000,0.000000000,4.578125000,0.012153318,4.578125000,0.000000000,4.578125000,0.006654404,4.578125000,0.000000000,4.578125000,0.003218470,4.578125000,0.000000000
,4.593750000,0.000000000,4.593750000,0.012120767,4.593750000,0.000000000,4.593750000,0.006600085,4.593750000,0.000000000,4.593750000,0.003249629,4.593750000,0.000000000
,4.609375000,0.000000000,4.609375000,0.012247070,4.609375000,0.000000000,4.609375000,0.006493201,4.609375000,0.000000000,4.609375000,0.003391370,4.609375000,0.000000000
,4.625000000,0.000000000,4.625000000,0.012151275,4.625000000,0.000000000,4.625000000,0.006328050,4.625000000,0.000000000,4.625000000,0.003541842,4.625000000,0.000000000
,4.640625000,0.000000000,4.640625000,0.012111614,4.640625000,0.000000000,4.640625000,0.006116384,4.640625000,0.000000000,4.640625000,0.003570514,4.640625000,0.000000000
,4.656250000,0.000000000,4.656250000,0.012050146,4.656250000,0.000000000,4.656250000,0.006059245,4.656250000,0.000000000,4.656250000,0.003689395,4.656250000,0.000000000
,4.671875000,0.000000000,4.671875000,0.011953603,4.671875000,0.000000000,4.671875000,0.005953711,4.671875000,0.000000000,4.671875000,0.003719043,4.671875000,0.000000000
,4.687500000,0.000000000,4.687500000,0.011681601,4.687500000,0.000000000,4.687500000,0.005825686,4.687500000,0.000000000,4.687500000,0.003827980,4.687500000,0.000000000
,4.703125000,0.000000000,4.703125000,0.011558348,4.703125000,0.000000000,4.703125000,0.005774138,4.703125000,0.000000000,4.703125000,0.003860470,4.703125000,0.000000000
,4.718750000,0.000000000,4.718750000,0.011530619,4.718750000,0.000000000,4.718750000,0.005805965,4.718750000,0.000000000,4.718750000,0.004326768,4.718750000,0.000000000
,4.734375000,0.000000000,4.734375000,0.011588152,4.734375000,0.000000000,4.734375000,0.005782407,4.734375000,0.000000000,4.734375000,0.004850141,4.734375000,0.000000000
,4.750000000,0.000000000,4.750000000,0.011544627,4.750000000,0.000000000,4.750000000,0.005799483,4.750000000,0.000000000,4.750000000,0.005373611,4.750000000,0.000000000
,4.765625000,0.000000000,4.765625000,0.011505912,4.765625000,0.000000000,4.765625000,0.005805655,4.765625000,0.000000000,4.765625000,0.005533186,4.765625000,0.000000000
,4.781250000,0.000000000,4.781250000,0.011623491,4.781250000,0.000000000,4.781250000,0.005727418,4.781250000,0.000000000,4.781250000,0.005632132,4.781250000,0.000000000
,4.796875000,0.000000000,4.796875000,0.011546701,4.796875000,0.000000000,4.796875000,0.005619788,4.796875000,0.000000000,4.796875000,0.005627449,4.796875000,0.000000000
,4.812500000,0.000000000,4.812500000,0.011530022,4.812500000,0.000000000,4.812500000,0.005491294,4.812500000,0.000000000,4.812500000,0.005816379,4.812500000,0.000000000
,4.828125000,0.000000000,4.828125000,0.011150719,4.828125000,0.000000000,4.828125000,0.005416600,4.828125000,0.000000000,4.828125000,0.006058906,4.828125000,0.000000000
,4.843750000,0.000000000,4.843750000,0.010933749,4.843750000,0.000000000,4.843750000,0.005286946,4.843750000,0.000000000,4.843750000,0.006158181,4.843750000,0.000000000
,4.859375000,0.000000000,4.859375000,0.010853244,4.859375000,0.000000000,4.859375000,0.005174011,4.859375000,0.000000000,4.859375000,0.006188137,4.859375000,0.000000000
,4.875000000,0.000000000,4.875000000,0.010646719,4.875000000,0.000000000,4.875000000,0.005132483,4.875000000,0.000000000,4.875000000,0.006391882,4.875000000,0.000000000
,4.890625000,0.000000000,4.890625000,0.010413591,4.890625000,0.000000000,4.890625000,0.005003281,4.890625000,0.000000000,4.890625000,0.006658581,4.890625000,0.000000000
,4.906250000,0.000000000,4.906250000,0.010145552,4.906250000,0.000000000,4.906250000,0.004877284,4.906250000,0.000000000,4.906250000,0.006807983,4.906250000,0.000000000
,4.921875000,0.000000000,4.921875000,0.009819863,4.921875000,0.000000000,4.921875000,0.004711072,4.921875000,0.000000000,4.921875000,0.007025358,4.921875000,0.000000000
,4.937500000,0.000000000,4.937500000,0.009518581,4.937500000,0.000000000,4.937500000,0.004597996,4.937500000,0.000000000,4.937500000,0.007376841,4.937500000,0.000000000
,4.953125000,0.000000000,4.953125000,0.009171378,4.953125000,0.000000000,4.953125000,0.004521811,4.953125000,0.000000000,4.953125000,0.007434854,4.953125000,0.000000000
,4.968750000,0.000000000,4.968750000,0.008887087,4.968750000,0.000000000,4.968750000,0.004409768,4.968750000,0.000000000,4.968750000,0.007454907,4.968750000,0.000000000
,4.984375000,0.000000000,4.984375000,0.008581040,4.984375000,0.000000000,4.984375000,0.004299780,4.984375000,0.000000000,4.984375000,0.007365824,4.984375000,0.000000000
,5.000000000,0.000000000,5.000000000,0.008282177,5.000000000,0.000000000,5.000000000,0.004162768,5.000000000,0.000000000,5.000000000,0.007275355,5.000000000,0.000000000
,5.015625000,0.000000000,5.015625000,0.007982877,5.015625000,0.000000000,5.015625000,0.004064247,5.015625000,0.000000000,5.015625000,0.007182619,5.015625000,0.000000000
,5.031250000,0.000000000,5.031250000,0.007705315,5.031250000,0.000000000,5.031250000,0.003993094,5.031250000,0.000000000,5.031250000,0.007067442,5.031250000,0.000000000
,5.046875000,0.000000000,5.046875000,0.007575056,5.046875000,0.000000000,5.046875000,0.003956424,5.046875000,0.000000000,5.046875000,0.006938548,5.046875000,0.000000000
,5.062500000,0.000000000,5.062500000,0.007566171,5.062500000,0.000000000,5.062500000,0.003960195,5.062500000,0.000000000,5.062500000,0.006696178,5.062500000,0.000000000
,5.078125000,0.000000000,5.078125000,0.007497182,5.078125000,0.000000000,5.078125000,0.003910175,5.078125000,0.000000000,5.078125000,0.006473145,5.078125000,0.000000000
,5.093750000,0.000000000,5.093750000,0.007432847,5.093750000,0.000000000,5.093750000,0.003842745,5.093750000,0.000000000,5.093750000,0.006313851,5.093750000,0.000000000
,5.109375000,0.000000000,5.109375000,0.007318563,5.109375000,0.000000000,5.109375000,0.003773871,5.109375000,0.000000000,5.109375000,0.006165423,5.109375000,0.000000000
,5.125000000,0.000000000,5.125000000,0.007293440,5.125000000,0.000000000,5.125000000,0.003744366,5.125000000,0.000000000,5.125000000,0.006142849,5.125000000,0.000000000
,5.140625000,0.000000000,5.140625000,0.007253702,5.140625000,0.000000000,5.140625000,0.003687620,5.140625000,0.000000000,5.140625000,0.006023983,5.140625000,0.000000000
,5.156250000,0.000000000,5.156250000,0.007416573,5.156250000,0.000000000,5.156250000,0.003699369,5.156250000,0.000000000,5.156250000,0.005895579,5.156250000,0.000000000
,5.171875000,0.000000000,5.171875000,0.007536630,5.171875000,0.000000000,5.171875000,0.003781902,5.171875000,0.000000000,5.171875000,0.005732257,5.171875000,0.000000000
,5.187500000,0.000000000,5.187500000,0.007720635,5.187500000,0.000000000,5.187500000,0.003878560,5.187500000,0.000000000,5.187500000,0.005706341,5.187500000,0.000000000
,5.203125000,0.000000000,5.203125000,0.007991751,5.203125000,0.000000000,5.203125000,0.003867359,5.203125000,0.000000000,5.203125000,0.005673123,5.203125000,0.000000000
,5.218750000,0.000000000,5.218750000,0.008177174,5.218750000,0.000000000,5.218750000,0.003868407,5.218750000,0.000000000,5.218750000,0.005969912,5.218750000,0.000000000
,5.234375000,0.000000000,5.234375000,0.008379383,5.234375000,0.000000000,5.234375000,0.003941312,5.234375000,0.000000000,5.234375000,0.006089646,5.234375000,0.000000000
,5.250000000,0.000000000,5.250000000,0.008532646,5.250000000,0.000000000,5.250000000,0.003979282,5.250000000,0.000000000,5.250000000,0.006160636,5.250000000,0.000000000
,5.265625000,0.000000000,5.265625000,0.008508047,5.265625000,0.000000000,5.265625000,0.003974675,5.265625000,0.000000000,5.265625000,0.006164135,5.265625000,0.000000000
,5.281250000,0.000000000,5.281250000,0.008435891,5.281250000,0.000000000,5.281250000,0.003985776,5.281250000,0.000000000,5.281250000,0.006004282,5.281250000,0.000000000
,5.296875000,0.000000000,5.296875000,0.008442207,5.296875000,0.000000000,5.296875000,0.004032610,5.296875000,0.000000000,5.296875000,0.005913179,5.296875000,0.000000000
,5.312500000,0.000000000,5.312500000,0.008432590,5.312500000,0.000000000,5.312500000,0.004010654,5.312500000,0.000000000,5.312500000,0.005870637,5.312500000,0.000000000
,5.328125000,0.000000000,5.328125000,0.008429455,5.328125000,0.000000000,5.328125000,0.004043524,5.328125000,0.000000000,5.328125000,0.005780057,5.328125000,0.000000000
,5.343750000,0.000000000,5.343750000,0.008356463,5.343750000,0.000000000,5.343750000,0.004041470,5.343750000,0.000000000,5.343750000,0.005800701,5.343750000,0.000000000
,5.359375000,0.000000000,5.359375000,0.008295032,5.359375000,0.000000000,5.359375000,0.004075595,5.359375000,0.000000000,5.359375000,0.005840687,5.359375000,0.000000000
,5.375000000,0.000000000,5.375000000,0.008134051,5.375000000,0.000000000,5.375000000,0.004174845,5.375000000,0.000000000,5.375000000,0.005816740,5.375000000,0.000000000
,5.390625000,0.000000000,5.390625000,0.008018545,5.390625000,0.000000000,5.390625000,0.004253185,5.390625000,0.000000000,5.390625000,0.006119350,5.390625000,0.000000000
,5.406250000,0.000000000,5.406250000,0.008045418,5.406250000,0.000000000,5.406250000,0.004307438,5.406250000,0.000000000,5.406250000,0.006242238,5.406250000,0.000000000
,5.421875000,0.000000000,5.421875000,0.008117981,5.421875000,0.000000000,5.421875000,0.004328195,5.421875000,0.000000000,5.421875000,0.006452285,5.421875000,0.000000000
,5.437500000,0.000000000,5.437500000,0.008052130,5.437500000,0.000000000,5.437500000,0.004381251,5.437500000,0.000000000,5.437500000,0.006592964,5.437500000,0.000000000
,5.453125000,0.000000000,5.453125000,0.008028573,5.453125000,0.000000000,5.453125000,0.004288115,5.453125000,0.000000000,5.453125000,0.006829025,5.453125000,0.000000000
,5.468750000,0.000000000,5.468750000,0.007953235,5.468750000,0.000000000,5.468750000,0.004248378,5.468750000,0.000000000,5.468750000,0.006926447,5.468750000,0.000000000
,5.484375000,0.000000000,5.484375000,0.007873949,5.484375000,0.000000000,5.484375000,0.004332351,5.484375000,0.000000000,5.484375000,0.007181886,5.484375000,0.000000000
,5.500000000,0.000000000,5.500000000,0.007876654,5.500000000,0.000000000,5.500000000,0.004312188,5.500000000,0.000000000,5.500000000,0.007319328,5.500000000,0.000000000
,5.515625000,0.000000000,5.515625000,0.007895508,5.515625000,0.000000000,5.515625000,0.004285899,5.515625000,0.000000000,5.515625000,0.007504976,5.515625000,0.000000000
,5.531250000,0.000000000,5.531250000,0.007811099,5.531250000,0.000000000,5.531250000,0.004300185,5.531250000,0.000000000,5.531250000,0.007747243,5.531250000,0.000000000
,5.546875000,0.000000000,5.546875000,0.007747294,5.546875000,0.000000000,5.546875000,0.004321604,5.546875000,0.000000000,5.546875000,0.007979205,5.546875000,0.000000000
,5.562500000,0.000000000,5.562500000,0.007687557,5.562500000,0.000000000,5.562500000,0.004295777,5.562500000,0.000000000,5.562500000,0.008235562,5.562500000,0.000000000
,5.578125000,0.000000000,5.578125000,0.007535425,5.578125000,0.000000000,5.578125000,0.004235394,5.578125000,0.000000000,5.578125000,0.008434428,5.578125000,0.000000000
,5.593750000,0.000000000,5.593750000,0.007388737,5.593750000,0.000000000,5.593750000,0.004121816,5.593750000,0.000000000,5.593750000,0.008542147,5.593750000,0.000000000
,5.609375000,0.000000000,5.609375000,0.007350857,5.609375000,0.000000000,5.609375000,0.004058923,5.609375000,0.000000000,5.609375000,0.008770785,5.609375000,0.000000000
,5.625000000,0.000000000,5.625000000,0.007180949,5.625000000,0.000000000,5.625000000,0.004196046,5.625000000,0.000000000,5.625000000,0.008795307,5.625000000,0.000000000
,5.640625000,0.000000000,5.640625000,0.007094065,5.640625000,0.000000000,5.640625000,0.004240273,5.640625000,0.000000000,5.640625000,0.008966497,5.640625000,0.000000000
,5.656250000,0.000000000,5.656250000,0.007115458,5.656250000,0.000000000,5.656250000,0.004328692,5.656250000,0.000000000,5.656250000,0.008942232,5.656250000,0.000000000
,5.671875000,0.000000000,5.671875000,0.007037466,5.671875000,0.000000000,5.671875000,0.004396597,5.671875000,0.000000000,5.671875000,0.008900128,5.671875000,0.000000000
,5.687500000,0.000000000,5.687500000,0.007007173,5.687500000,0.000000000,5.687500000,0.004436566,5.687500000,0.000000000,5.687500000,0.008847331,5.687500000,0.000000000
,5.703125000,0.000000000,5.703125000,0.006849037,5.703125000,0.000000000,5.703125000,0.004543426,5.703125000,0.000000000,5.703125000,0.008750657,5.703125000,0.000000000
,5.718750000,0.000000000,5.718750000,0.006723299,5.718750000,0.000000000,5.718750000,0.004703017,5.718750000,0.000000000,5.718750000,0.008723143,5.718750000,0.000000000
,5.734375000,0.000000000,5.734375000,0.006654710,5.734375000,0.000000000,5.734375000,0.004683349,5.734375000,0.000000000,5.734375000,0.008676772,5.734375000,0.000000000
,5.750000000,0.000000000,5.750000000,0.006559689,5.750000000,0.000000000,5.750000000,0.004784836,5.750000000,0.000000000,5.750000000,0.008788833,5.750000000,0.000000000
,5.765625000,0.000000000,5.765625000,0.006459380,5.765625000,0.000000000,5.765625000,0.004893652,5.765625000,0.000000000,5.765625000,0.008817888,5.765625000,0.000000000
,5.781250000,0.000000000,5.781250000,0.006305766,5.781250000,0.000000000,5.781250000,0.004894366,5.781250000,0.000000000,5.781250000,0.008841401,5.781250000,0.000000000
,5.796875000,0.000000000,5.796875000,0.006117398,5.796875000,0.000000000,5.796875000,0.005012939,5.796875000,0.000000000,5.796875000,0.008874280,5.796875000,0.000000000
,5.812500000,0.000000000,5.812500000,0.005914470,5.812500000,0.000000000,5.812500000,0.005081486,5.812500000,0.000000000,5.812500000,0.008967302,5.812500000,0.000000000
,5.828125000,0.000000000,5.828125000,0.005715840,5.828125000,0.000000000,5.828125000,0.005128225,5.828125000,0.000000000,5.828125000,0.009025807,5.828125000,0.000000000
,5.843750000,0.000000000,5.843750000,0.005550275,5.843750000,0.000000000,5.843750000,0.005138882,5.843750000,0.000000000,5.843750000,0.009079299,5.843750000,0.000000000
,5.859375000,0.000000000,5.859375000,0.005388871,5.859375000,0.000000000,5.859375000,0.005344285,5.859375000,0.000000000,5.859375000,0.009219466,5.859375000,0.000000000
,5.875000000,0.000000000,5.875000000,0.005217643,5.875000000,0.000000000,5.875000000,0.005475117,5.875000000,0.000000000,5.875000000,0.009188193,5.875000000,0.000000000
,5.890625000,0.000000000,5.890625000,0.005087314,5.890625000,0.000000000,5.890625000,0.005561201,5.890625000,0.000000000,5.890625000,0.009042531,5.890625000,0.000000000
,5.906250000,0.000000000,5.906250000,0.005013839,5.906250000,0.000000000,5.906250000,0.005700067,5.906250000,0.000000000,5.906250000,0.009165271,5.906250000,0.000000000
,5.921875000,0.000000000,5.921875000,0.004956347,5.921875000,0.000000000,5.921875000,0.005885501,5.921875000,0.000000000,5.921875000,0.009242726,5.921875000,0.000000000
,5.937500000,0.000000000,5.937500000,0.004889479,5.937500000,0.000000000,5.937500000,0.005976944,5.937500000,0.000000000,5.937500000,0.009309914,5.937500000,0.000000000
,5.953125000,0.000000000,5.953125000,0.004795514,5.953125000,0.000000000,5.953125000,0.005927589,5.953125000,0.000000000,5.953125000,0.009325841,5.953125000,0.000000000
,5.968750000,0.000000000,5.968750000,0.004679941,5.968750000,0.000000000,5.968750000,0.005858255,5.968750000,0.000000000,5.968750000,0.009289798,5.968750000,0.000000000
,5.984375000,0.000000000,5.984375000,0.004706615,5.984375000,0.000000000,5.984375000,0.005921848,5.984375000,0.000000000,5.984375000,0.009172581,5.984375000,0.000000000
,6.000000000,0.000000000,6.000000000,0.004643519,6.000000000,0.000000000,6.000000000,0.005982609,6.000000000,0.000000000,6.000000000,0.009041987,6.000000000,0.000000000
,6.015625000,0.000000000,6.015625000,0.004566022,6.015625000,0.000000000,6.015625000,0.005942206,6.015625000,0.000000000,6.015625000,0.008985616,6.015625000,0.000000000
,6.031250000,0.000000000,6.031250000,0.004519356,6.031250000,0.000000000,6.031250000,0.005742686,6.031250000,0.000000000,6.031250000,0.008962573,6.031250000,0.000000000
,6.046875000,0.000000000,6.046875000,0.004449850,6.046875000,0.000000000,6.046875000,0.005562859,6.046875000,0.000000000,6.046875000,0.008935023,6.046875000,0.000000000
,6.062500000,0.000000000,6.062500000,0.004373365,6.062500000,0.000000000,6.062500000,0.005393748,6.062500000,0.000000000,6.062500000,0.008793753,6.062500000,0.000000000
,6.078125000,0.000000000,6.078125000,0.004364747,6.078125000,0.000000000,6.078125000,0.005222947,6.078125000,0.000000000,6.078125000,0.008758933,6.078125000,0.000000000
,6.093750000,0.000000000,6.093750000,0.004329813,6.093750000,0.000000000,6.093750000,0.005060121,6.093750000,0.000000000,6.093750000,0.008752161,6.093750000,0.000000000
,6.109375000,0.000000000,6.109375000,0.004288622,6.109375000,0.000000000,6.109375000,0.005025386,6.109375000,0.000000000,6.109375000,0.008572699,6.109375000,0.000000000
,6.125000000,0.000000000,6.125000000,0.004320660,6.125000000,0.000000000,6.125000000,0.005041499,6.125000000,0.000000000,6.125000000,0.008577581,6.125000000,0.000000000
,6.140625000,0.000000000,6.140625000,0.004324420,6.140625000,0.000000000,6.140625000,0.004919175,6.140625000,0.000000000,6.140625000,0.008546449,6.140625000,0.000000000
,6.156250000,0.000000000,6.156250000,0.004359333,6.156250000,0.000000000,6.156250000,0.004739491,6.156250000,0.000000000,6.156250000,0.008479659,6.156250000,0.000000000
,6.171875000,0.000000000,6.171875000,0.004456063,6.171875000,0.000000000,6.171875000,0.004589715,6.171875000,0.000000000,6.171875000,0.008529426,6.171875000,0.000000000
,6.187500000,0.000000000,6.187500000,0.004478414,6.187500000,0.000000000,6.187500000,0.004513923,6.187500000,0.000000000,6.187500000,0.008585849,6.187500000,0.000000000
,6.203125000,0.000000000,6.203125000,0.004601859,6.203125000,0.000000000,6.203125000,0.004414742,6.203125000,0.000000000,6.203125000,0.008532136,6.203125000,0.000000000
,6.218750000,0.000000000,6.218750000,0.004652381,6.218750000,0.000000000,6.218750000,0.004493496,6.218750000,0.000000000,6.218750000,0.008486101,6.218750000,0.000000000
,6.234375000,0.000000000,6.234375000,0.004693527,6.234375000,0.000000000,6.234375000,0.004488498,6.234375000,0.000000000,6.234375000,0.008306570,6.234375000,0.000000000
,6.250000000,0.000000000,6.250000000,0.004743054,6.250000000,0.000000000,6.250000000,0.004524402,6.250000000,0.000000000,6.250000000,0.008287878,6.250000000,0.000000000
,6.265625000,0.000000000,6.265625000,0.004900860,6.265625000,0.000000000,6.265625000,0.004549270,6.265625000,0.000000000,6.265625000,0.007979102,6.265625000,0.000000000
,6.281250000,0.000000000,6.281250000,0.005071329,6.281250000,0.000000000,6.281250000,0.004597943,6.281250000,0.000000000,6.281250000,0.007665305,6.281250000,0.000000000
,6.296875000,0.000000000,6.296875000,0.005185450,6.296875000,0.000000000,6.296875000,0.004520421,6.296875000,0.000000000,6.296875000,0.007415706,6.296875000,0.000000000
,6.312500000,0.000000000,6.312500000,0.005291232,6.312500000,0.000000000,6.312500000,0.004452148,6.312500000,0.000000000,6.312500000,0.007177000,6.312500000,0.000000000
,6.328125000,0.000000000,6.328125000,0.005443767,6.328125000,0.000000000,6.328125000,0.004399198,6.328125000,0.000000000,6.328125000,0.006932467,6.328125000,0.000000000
,6.343750000,0.000000000,6.343750000,0.005562272,6.343750000,0.000000000,6.343750000,0.004348240,6.343750000,0.000000000,6.343750000,0.006686817,6.343750000,0.000000000
,6.359375000,0.000000000,6.359375000,0.005736694,6.359375000,0.000000000,6.359375000,0.004308180,6.359375000,0.000000000,6.359375000,0.006467068,6.359375000,0.000000000
,6.375000000,0.000000000,6.375000000,0.005765867,6.375000000,0.000000000,6.375000000,0.004246715,6.375000000,0.000000000,6.375000000,0.006210562,6.375000000,0.000000000
,6.390625000,0.000000000,6.390625000,0.005912217,6.390625000,0.000000000,6.390625000,0.004336839,6.390625000,0.000000000,6.390625000,0.005998786,6.390625000,0.000000000
,6.406250000,0.000000000,6.406250000,0.006124847,6.406250000,0.000000000,6.406250000,0.004321771,6.406250000,0.000000000,6.406250000,0.005741591,6.406250000,0.000000000
,6.421875000,0.000000000,6.421875000,0.006138876,6.421875000,0.000000000,6.421875000,0.004288204,6.421875000,0.000000000,6.421875000,0.005498873,6.421875000,0.000000000
,6.437500000,0.000000000,6.437500000,0.006160785,6.437500000,0.000000000,6.437500000,0.004271206,6.437500000,0.000000000,6.437500000,0.005260047,6.437500000,0.000000000
,6.453125000,0.000000000,6.453125000,0.006264255,6.453125000,0.000000000,6.453125000,0.004284033,6.453125000,0.000000000,6.453125000,0.005038067,6.453125000,0.000000000
,6.468750000,0.000000000,6.468750000,0.006285014,6.468750000,0.000000000,6.468750000,0.004280146,6.468750000,0.000000000,6.468750000,0.004861609,6.468750000,0.000000000
,6.484375000,0.000000000,6.484375000,0.006414915,6.484375000,0.000000000,6.484375000,0.004261971,6.484375000,0.000000000,6.484375000,0.004661776,6.484375000,0.000000000
,6.500000000,0.000000000,6.500000000,0.006671354,6.500000000,0.000000000,6.500000000,0.004327627,6.500000000,0.000000000,6.500000000,0.004512645,6.500000000,0.000000000
,6.515625000,0.000000000,6.515625000,0.006802978,6.515625000,0.000000000,6.515625000,0.004295755,6.515625000,0.000000000,6.515625000,0.004447632,6.515625000,0.000000000
,6.531250000,0.000000000,6.531250000,0.006884258,6.531250000,0.000000000,6.531250000,0.004431396,6.531250000,0.000000000,6.531250000,0.004351309,6.531250000,0.000000000
,6.546875000,0.000000000,6.546875000,0.006916657,6.546875000,0.000000000,6.546875000,0.004719174,6.546875000,0.000000000,6.546875000,0.004281382,6.546875000,0.000000000
,6.562500000,0.000000000,6.562500000,0.006757489,6.562500000,0.000000000,6.562500000,0.004716000,6.562500000,0.000000000,6.562500000,0.004173287,6.562500000,0.000000000
,6.578125000,0.000000000,6.578125000,0.006636675,6.578125000,0.000000000,6.578125000,0.004855536,6.578125000,0.000000000,6.578125000,0.004067985,6.578125000,0.000000000
,6.593750000,0.000000000,6.593750000,0.006597472,6.593750000,0.000000000,6.593750000,0.004952501,6.593750000,0.000000000,6.593750000,0.003995543,6.593750000,0.000000000
,6.609375000,0.000000000,6.609375000,0.006523052,6.609375000,0.000000000,6.609375000,0.005237684,6.609375000,0.000000000,6.609375000,0.003930339,6.609375000,0.000000000
,6.625000000,0.000000000,6.625000000,0.006461210,6.625000000,0.000000000,6.625000000,0.005632435,6.625000000,0.000000000,6.625000000,0.004007619,6.625000000,0.000000000
,6.640625000,0.000000000,6.640625000,0.006396730,6.640625000,0.000000000,6.640625000,0.006013562,6.640625000,0.000000000,6.640625000,0.003994349,6.640625000,0.000000000
,6.656250000,0.000000000,6.656250000,0.006337067,6.656250000,0.000000000,6.656250000,0.006156995,6.656250000,0.000000000,6.656250000,0.004023398,6.656250000,0.000000000
,6.671875000,0.000000000,6.671875000,0.006240075,6.671875000,0.000000000,6.671875000,0.006413000,6.671875000,0.000000000,6.671875000,0.004096796,6.671875000,0.000000000
,6.687500000,0.000000000,6.687500000,0.006130268,6.687500000,0.000000000,6.687500000,0.006860211,6.687500000,0.000000000,6.687500000,0.004018733,6.687500000,0.000000000
,6.703125000,0.000000000,6.703125000,0.006168254,6.703125000,0.000000000,6.703125000,0.007255966,6.703125000,0.000000000,6.703125000,0.004004550,6.703125000,0.000000000
,6.718750000,0.000000000,6.718750000,0.006150077,6.718750000,0.000000000,6.718750000,0.007713742,6.718750000,0.000000000,6.718750000,0.004064673,6.718750000,0.000000000
,6.734375000,0.000000000,6.734375000,0.006166259,6.734375000,0.000000000,6.734375000,0.008012445,6.734375000,0.000000000,6.734375000,0.004150508,6.734375000,0.000000000
,6.750000000,0.000000000,6.750000000,0.006033902,6.750000000,0.000000000,6.750000000,0.008211276,6.750000000,0.000000000,6.750000000,0.004382579,6.750000000,0.000000000
,6.765625000,0.000000000,6.765625000,0.005893471,6.765625000,0.000000000,6.765625000,0.008376556,6.765625000,0.000000000,6.765625000,0.004588189,6.765625000,0.000000000
,6.781250000,0.000000000,6.781250000,0.005781575,6.781250000,0.000000000,6.781250000,0.008361764,6.781250000,0.000000000,6.781250000,0.004810551,6.781250000,0.000000000
,6.796875000,0.000000000,6.796875000,0.005698939,6.796875000,0.000000000,6.796875000,0.008277149,6.796875000,0.000000000,6.796875000,0.004808377,6.796875000,0.000000000
,6.812500000,0.000000000,6.812500000,0.005651977,6.812500000,0.000000000,6.812500000,0.008226067,6.812500000,0.000000000,6.812500000,0.005029798,6.812500000,0.000000000
,6.828125000,0.000000000,6.828125000,0.005753243,6.828125000,0.000000000,6.828125000,0.008262218,6.828125000,0.000000000,6.828125000,0.005264638,6.828125000,0.000000000
,6.843750000,0.000000000,6.843750000,0.005701074,6.843750000,0.000000000,6.843750000,0.008112652,6.843750000,0.000000000,6.843750000,0.005190479,6.843750000,0.000000000
,6.859375000,0.000000000,6.859375000,0.005632168,6.859375000,0.000000000,6.859375000,0.008061948,6.859375000,0.000000000,6.859375000,0.005078335,6.859375000,0.000000000
,6.875000000,0.000000000,6.875000000,0.005539447,6.875000000,0.000000000,6.875000000,0.007982246,6.875000000,0.000000000,6.875000000,0.005104142,6.875000000,0.000000000
,6.890625000,0.000000000,6.890625000,0.005543876,6.890625000,0.000000000,6.890625000,0.008106953,6.890625000,0.000000000,6.890625000,0.005121858,6.890625000,0.000000000
,6.906250000,0.000000000,6.906250000,0.005479269,6.906250000,0.000000000,6.906250000,0.008152848,6.906250000,0.000000000,6.906250000,0.005002849,6.906250000,0.000000000
,6.921875000,0.000000000,6.921875000,0.005488507,6.921875000,0.000000000,6.921875000,0.008306195,6.921875000,0.000000000,6.921875000,0.004906021,6.921875000,0.000000000
,6.937500000,0.000000000,6.937500000,0.005603898,6.937500000,0.000000000,6.937500000,0.008536835,6.937500000,0.000000000,6.937500000,0.004752352,6.937500000,0.000000000
,6.953125000,0.000000000,6.953125000,0.005607658,6.953125000,0.000000000,6.953125000,0.008646801,6.953125000,0.000000000,6.953125000,0.004661013,6.953125000,0.000000000
,6.968750000,0.000000000,6.968750000,0.005630500,6.968750000,0.000000000,6.968750000,0.008824154,6.968750000,0.000000000,6.968750000,0.004755630,6.968750000,0.000000000
,6.984375000,0.000000000,6.984375000,0.005577378,6.984375000,0.000000000,6.984375000,0.009044106,6.984375000,0.000000000,6.984375000,0.004901410,6.984375000,0.000000000
,7.000000000,0.000000000,7.000000000,0.005599468,7.000000000,0.000000000,7.000000000,0.009030504,7.000000000,0.000000000,7.000000000,0.005116950,7.000000000,0.000000000
,7.015625000,0.000000000,7.015625000,0.005619014,7.015625000,0.000000000,7.015625000,0.008995839,7.015625000,0.000000000,7.015625000,0.005378099,7.015625000,0.000000000
,7.031250000,0.000000000,7.031250000,0.005595593,7.031250000,0.000000000,7.031250000,0.008900253,7.031250000,0.000000000,7.031250000,0.005467017,7.031250000,0.000000000
,7.046875000,0.000000000,7.046875000,0.005616423,7.046875000,0.000000000,7.046875000,0.008891325,7.046875000,0.000000000,7.046875000,0.005512979,7.046875000,0.000000000
,7.062500000,0.000000000,7.062500000,0.005566962,7.062500000,0.000000000,7.062500000,0.008906118,7.062500000,0.000000000,7.062500000,0.005601460,7.062500000,0.000000000
,7.078125000,0.000000000,7.078125000,0.005553310,7.078125000,0.000000000,7.078125000,0.009366876,7.078125000,0.000000000,7.078125000,0.005582988,7.078125000,0.000000000
,7.093750000,0.000000000,7.093750000,0.005435004,7.093750000,0.000000000,7.093750000,0.009667923,7.093750000,0.000000000,7.093750000,0.005558855,7.093750000,0.000000000
,7.109375000,0.000000000,7.109375000,0.005494726,7.109375000,0.000000000,7.109375000,0.009710772,7.109375000,0.000000000,7.109375000,0.005488949,7.109375000,0.000000000
,7.125000000,0.000000000,7.125000000,0.005446339,7.125000000,0.000000000,7.125000000,0.009663995,7.125000000,0.000000000,7.125000000,0.005557718,7.125000000,0.000000000
,7.140625000,0.000000000,7.140625000,0.005333194,7.140625000,0.000000000,7.140625000,0.009554744,7.140625000,0.000000000,7.140625000,0.005584607,7.140625000,0.000000000
,7.156250000,0.000000000,7.156250000,0.005212459,7.156250000,0.000000000,7.156250000,0.009390775,7.156250000,0.000000000,7.156250000,0.005647603,7.156250000,0.000000000
,7.171875000,0.000000000,7.171875000,0.005070445,7.171875000,0.000000000,7.171875000,0.009326261,7.171875000,0.000000000,7.171875000,0.005582661,7.171875000,0.000000000
,7.187500000,0.000000000,7.187500000,0.004995954,7.187500000,0.000000000,7.187500000,0.009262078,7.187500000,0.000000000,7.187500000,0.005499471,7.187500000,0.000000000
,7.203125000,0.000000000,7.203125000,0.004908013,7.203125000,0.000000000,7.203125000,0.009321056,7.203125000,0.000000000,7.203125000,0.005514654,7.203125000,0.000000000
,7.218750000,0.000000000,7.218750000,0.004944523,7.218750000,0.000000000,7.218750000,0.009328965,7.218750000,0.000000000,7.218750000,0.005361737,7.218750000,0.000000000
,7.234375000,0.000000000,7.234375000,0.004841669,7.234375000,0.000000000,7.234375000,0.009230728,7.234375000,0.000000000,7.234375000,0.005227885,7.234375000,0.000000000
,7.250000000,0.000000000,7.250000000,0.004764094,7.250000000,0.000000000,7.250000000,0.009137326,7.250000000,0.000000000,7.250000000,0.005037843,7.250000000,0.000000000
,7.265625000,0.000000000,7.265625000,0.004765159,7.265625000,0.000000000,7.265625000,0.009042070,7.265625000,0.000000000,7.265625000,0.004913158,7.265625000,0.000000000
,7.281250000,0.000000000,7.281250000,0.004700021,7.281250000,0.000000000,7.281250000,0.008968608,7.281250000,0.000000000,7.281250000,0.004808482,7.281250000,0.000000000
,7.296875000,0.000000000,7.296875000,0.004607544,7.296875000,0.000000000,7.296875000,0.008806676,7.296875000,0.000000000,7.296875000,0.004719490,7.296875000,0.000000000
,7.312500000,0.000000000,7.312500000,0.004562574,7.312500000,0.000000000,7.312500000,0.008612772,7.312500000,0.000000000,7.312500000,0.004583891,7.312500000,0.000000000
,7.328125000,0.000000000,7.328125000,0.004626318,7.328125000,0.000000000,7.328125000,0.008489016,7.328125000,0.000000000,7.328125000,0.004460488,7.328125000,0.000000000
,7.343750000,0.000000000,7.343750000,0.004616701,7.343750000,0.000000000,7.343750000,0.008496608,7.343750000,0.000000000,7.343750000,0.004349881,7.343750000,0.000000000
,7.359375000,0.000000000,7.359375000,0.004640042,7.359375000,0.000000000,7.359375000,0.008580831,7.359375000,0.000000000,7.359375000,0.004264269,7.359375000,0.000000000
,7.375000000,0.000000000,7.375000000,0.004587770,7.375000000,0.000000000,7.375000000,0.008750560,7.375000000,0.000000000,7.375000000,0.004169553,7.375000000,0.000000000
,7.390625000,0.000000000,7.390625000,0.004549579,7.390625000,0.000000000,7.390625000,0.008710424,7.390625000,0.000000000,7.390625000,0.004051181,7.390625000,0.000000000
,7.406250000,0.000000000,7.406250000,0.004578919,7.406250000,0.000000000,7.406250000,0.008611090,7.406250000,0.000000000,7.406250000,0.003969050,7.406250000,0.000000000
,7.421875000,0.000000000,7.421875000,0.004654346,7.421875000,0.000000000,7.421875000,0.008383519,7.421875000,0.000000000,7.421875000,0.003880719,7.421875000,0.000000000
,7.437500000,0.000000000,7.437500000,0.004754663,7.437500000,0.000000000,7.437500000,0.008052988,7.437500000,0.000000000,7.437500000,0.003796710,7.437500000,0.000000000
,7.453125000,0.000000000,7.453125000,0.004813138,7.453125000,0.000000000,7.453125000,0.007807302,7.453125000,0.000000000,7.453125000,0.003717235,7.453125000,0.000000000
,7.468750000,0.000000000,7.468750000,0.004812853,7.468750000,0.000000000,7.468750000,0.007632473,7.468750000,0.000000000,7.468750000,0.003950791,7.468750000,0.000000000
,7.484375000,0.000000000,7.484375000,0.004839116,7.484375000,0.000000000,7.484375000,0.007441358,7.484375000,0.000000000,7.484375000,0.004051431,7.484375000,0.000000000
,7.500000000,0.000000000,7.500000000,0.004916262,7.500000000,0.000000000,7.500000000,0.007221711,7.500000000,0.000000000,7.500000000,0.004056153,7.500000000,0.000000000
,7.515625000,0.000000000,7.515625000,0.004961440,7.515625000,0.000000000,7.515625000,0.007052480,7.515625000,0.000000000,7.515625000,0.003961141,7.515625000,0.000000000
,7.531250000,0.000000000,7.531250000,0.004951308,7.531250000,0.000000000,7.531250000,0.006774306,7.531250000,0.000000000,7.531250000,0.003886572,7.531250000,0.000000000
,7.546875000,0.000000000,7.546875000,0.005110244,7.546875000,0.000000000,7.546875000,0.006515412,7.546875000,0.000000000,7.546875000,0.003835058,7.546875000,0.000000000
,7.562500000,0.000000000,7.562500000,0.005215841,7.562500000,0.000000000,7.562500000,0.006279121,7.562500000,0.000000000,7.562500000,0.003824216,7.562500000,0.000000000
,7.578125000,0.000000000,7.578125000,0.005355271,7.578125000,0.000000000,7.578125000,0.006030979,7.578125000,0.000000000,7.578125000,0.003828286,7.578125000,0.000000000
,7.593750000,0.000000000,7.593750000,0.005277894,7.593750000,0.000000000,7.593750000,0.005880984,7.593750000,0.000000000,7.593750000,0.003941537,7.593750000,0.000000000
,7.609375000,0.000000000,7.609375000,0.005308301,7.609375000,0.000000000,7.609375000,0.005842810,7.609375000,0.000000000,7.609375000,0.003938832,7.609375000,0.000000000
,7.625000000,0.000000000,7.625000000,0.005192352,7.625000000,0.000000000,7.625000000,0.005662156,7.625000000,0.000000000,7.625000000,0.003898378,7.625000000,0.000000000
,7.640625000,0.000000000,7.640625000,0.005108712,7.640625000,0.000000000,7.640625000,0.005469561,7.640625000,0.000000000,7.640625000,0.003931121,7.640625000,0.000000000
,7.656250000,0.000000000,7.656250000,0.005094671,7.656250000,0.000000000,7.656250000,0.005308347,7.656250000,0.000000000,7.656250000,0.004252494,7.656250000,0.000000000
,7.671875000,0.000000000,7.671875000,0.005021380,7.671875000,0.000000000,7.671875000,0.005163117,7.671875000,0.000000000,7.671875000,0.004249920,7.671875000,0.000000000
,7.687500000,0.000000000,7.687500000,0.004976204,7.687500000,0.000000000,7.687500000,0.005072309,7.687500000,0.000000000,7.687500000,0.004325171,7.687500000,0.000000000
,7.703125000,0.000000000,7.703125000,0.004931703,7.703125000,0.000000000,7.703125000,0.005125305,7.703125000,0.000000000,7.703125000,0.004359515,7.703125000,0.000000000
,7.718750000,0.000000000,7.718750000,0.004853437,7.718750000,0.000000000,7.718750000,0.005046706,7.718750000,0.000000000,7.718750000,0.004361476,7.718750000,0.000000000
,7.734375000,0.000000000,7.734375000,0.004880329,7.734375000,0.000000000,7.734375000,0.004898480,7.734375000,0.000000000,7.734375000,0.004440742,7.734375000,0.000000000
,7.750000000,0.000000000,7.750000000,0.004907725,7.750000000,0.000000000,7.750000000,0.004773601,7.750000000,0.000000000,7.750000000,0.004496212,7.750000000,0.000000000
,7.765625000,0.000000000,7.765625000,0.004974487,7.765625000,0.000000000,7.765625000,0.004653090,7.765625000,0.000000000,7.765625000,0.004540949,7.765625000,0.000000000
,7.781250000,0.000000000,7.781250000,0.004945497,7.781250000,0.000000000,7.781250000,0.004654382,7.781250000,0.000000000,7.781250000,0.004542744,7.781250000,0.000000000
,7.796875000,0.000000000,7.796875000,0.004959314,7.796875000,0.000000000,7.796875000,0.004598442,7.796875000,0.000000000,7.796875000,0.004507993,7.796875000,0.000000000
,7.812500000,0.000000000,7.812500000,0.005027588,7.812500000,0.000000000,7.812500000,0.004659574,7.812500000,0.000000000,7.812500000,0.004547387,7.812500000,0.000000000
,7.828125000,0.000000000,7.828125000,0.005061195,7.828125000,0.000000000,7.828125000,0.004611597,7.828125000,0.000000000,7.828125000,0.004557743,7.828125000,0.000000000
,7.843750000,0.000000000,7.843750000,0.004937864,7.843750000,0.000000000,7.843750000,0.004484191,7.843750000,0.000000000,7.843750000,0.004550089,7.843750000,0.000000000
,7.859375000,0.000000000,7.859375000,0.004808065,7.859375000,0.000000000,7.859375000,0.004415929,7.859375000,0.000000000,7.859375000,0.004525724,7.859375000,0.000000000
,7.875000000,0.000000000,7.875000000,0.004732091,7.875000000,0.000000000,7.875000000,0.004321952,7.875000000,0.000000000,7.875000000,0.004482391,7.875000000,0.000000000
,7.890625000,0.000000000,7.890625000,0.004596901,7.890625000,0.000000000,7.890625000,0.004281397,7.890625000,0.000000000,7.890625000,0.004503114,7.890625000,0.000000000
,7.906250000,0.000000000,7.906250000,0.004498153,7.906250000,0.000000000,7.906250000,0.004177530,7.906250000,0.000000000,7.906250000,0.004575851,7.906250000,0.000000000
,7.921875000,0.000000000,7.921875000,0.004444679,7.921875000,0.000000000,7.921875000,0.004072180,7.921875000,0.000000000,7.921875000,0.004661333,7.921875000,0.000000000
,7.937500000,0.000000000,7.937500000,0.004403477,7.937500000,0.000000000,7.937500000,0.004044012,7.937500000,0.000000000,7.937500000,0.004711329,7.937500000,0.000000000
,7.953125000,0.000000000,7.953125000,0.004374614,7.953125000,0.000000000,7.953125000,0.003982210,7.953125000,0.000000000,7.953125000,0.004588967,7.953125000,0.000000000
,7.968750000,0.000000000,7.968750000,0.004389210,7.968750000,0.000000000,7.968750000,0.004002471,7.968750000,0.000000000,7.968750000,0.004491373,7.968750000,0.000000000
,7.984375000,0.000000000,7.984375000,0.004313580,7.984375000,0.000000000,7.984375000,0.003928331,7.984375000,0.000000000,7.984375000,0.004440823,7.984375000,0.000000000
,8.000000000,0.000000000,8.000000000,0.004246792,8.000000000,0.000000000,8.000000000,0.003812602,8.000000000,0.000000000,8.000000000,0.004272271,8.000000000,0.000000000
,8.015625000,0.000000000,8.015625000,0.004234064,8.015625000,0.000000000,8.015625000,0.003744569,8.015625000,0.000000000,8.015625000,0.004128436,8.015625000,0.000000000
,8.031250000,0.000000000,8.031250000,0.004187595,8.031250000,0.000000000,8.031250000,0.003675572,8.031250000,0.000000000,8.031250000,0.003999155,8.031250000,0.000000000
,8.046875000,0.000000000,8.046875000,0.004172170,8.046875000,0.000000000,8.046875000,0.003584058,8.046875000,0.000000000,8.046875000,0.003907154,8.046875000,0.000000000
,8.062500000,0.000000000,8.062500000,0.004142977,8.062500000,0.000000000,8.062500000,0.003522926,8.062500000,0.000000000,8.062500000,0.003799014,8.062500000,0.000000000
,8.078125000,0.000000000,8.078125000,0.004194476,8.078125000,0.000000000,8.078125000,0.003541320,8.078125000,0.000000000,8.078125000,0.003665050,8.078125000,0.000000000
,8.093750000,0.000000000,8.093750000,0.004172994,8.093750000,0.000000000,8.093750000,0.003518687,8.093750000,0.000000000,8.093750000,0.003614170,8.093750000,0.000000000
,8.109375000,0.000000000,8.109375000,0.004136739,8.109375000,0.000000000,8.109375000,0.003488427,8.109375000,0.000000000,8.109375000,0.003531215,8.109375000,0.000000000
,8.125000000,0.000000000,8.125000000,0.004123604,8.125000000,0.000000000,8.125000000,0.003452411,8.125000000,0.000000000,8.125000000,0.003491197,8.125000000,0.000000000
,8.140625000,0.000000000,8.140625000,0.004139966,8.140625000,0.000000000,8.140625000,0.003376465,8.140625000,0.000000000,8.140625000,0.003476866,8.140625000,0.000000000
,8.156250000,0.000000000,8.156250000,0.004191815,8.156250000,0.000000000,8.156250000,0.003353529,8.156250000,0.000000000,8.156250000,0.003515590,8.156250000,0.000000000
,8.171875000,0.000000000,8.171875000,0.004272356,8.171875000,0.000000000,8.171875000,0.003341989,8.171875000,0.000000000,8.171875000,0.003457562,8.171875000,0.000000000
,8.187500000,0.000000000,8.187500000,0.004290154,8.187500000,0.000000000,8.187500000,0.003288058,8.187500000,0.000000000,8.187500000,0.003432028,8.187500000,0.000000000
,8.203125000,0.000000000,8.203125000,0.004222782,8.203125000,0.000000000,8.203125000,0.003268600,8.203125000,0.000000000,8.203125000,0.003426331,8.203125000,0.000000000
,8.218750000,0.000000000,8.218750000,0.004213079,8.218750000,0.000000000,8.218750000,0.003241390,8.218750000,0.000000000,8.218750000,0.003383076,8.218750000,0.000000000
,8.234375000,0.000000000,8.234375000,0.004182915,8.234375000,0.000000000,8.234375000,0.003222672,8.234375000,0.000000000,8.234375000,0.003367114,8.234375000,0.000000000
,8.250000000,0.000000000,8.250000000,0.004119267,8.250000000,0.000000000,8.250000000,0.003199925,8.250000000,0.000000000,8.250000000,0.003431537,8.250000000,0.000000000
,8.265625000,0.000000000,8.265625000,0.004126558,8.265625000,0.000000000,8.265625000,0.003223073,8.265625000,0.000000000,8.265625000,0.003392944,8.265625000,0.000000000
,8.281250000,0.000000000,8.281250000,0.004077094,8.281250000,0.000000000,8.281250000,0.003250256,8.281250000,0.000000000,8.281250000,0.003405486,8.281250000,0.000000000
,8.296875000,0.000000000,8.296875000,0.004043852,8.296875000,0.000000000,8.296875000,0.003236722,8.296875000,0.000000000,8.296875000,0.003433317,8.296875000,0.000000000
,8.312500000,0.000000000,8.312500000,0.003990796,8.312500000,0.000000000,8.312500000,0.003229826,8.312500000,0.000000000,8.312500000,0.003443605,8.312500000,0.000000000
,8.328125000,0.000000000,8.328125000,0.003978676,8.328125000,0.000000000,8.328125000,0.003250814,8.328125000,0.000000000,8.328125000,0.003418883,8.328125000,0.000000000
,8.343750000,0.000000000,8.343750000,0.004014970,8.343750000,0.000000000,8.343750000,0.003224010,8.343750000,0.000000000,8.343750000,0.003362743,8.343750000,0.000000000
,8.359375000,0.000000000,8.359375000,0.003999104,8.359375000,0.000000000,8.359375000,0.003193099,8.359375000,0.000000000,8.359375000,0.003346732,8.359375000,0.000000000
,8.375000000,0.000000000,8.375000000,0.004130614,8.375000000,0.000000000,8.375000000,0.003222675,8.375000000,0.000000000,8.375000000,0.003367600,8.375000000,0.000000000
,8.390625000,0.000000000,8.390625000,0.004254584,8.390625000,0.000000000,8.390625000,0.003203054,8.390625000,0.000000000,8.390625000,0.003331370,8.390625000,0.000000000
,8.406250000,0.000000000,8.406250000,0.004281532,8.406250000,0.000000000,8.406250000,0.003188669,8.406250000,0.000000000,8.406250000,0.003311057,8.406250000,0.000000000
,8.421875000,0.000000000,8.421875000,0.004210837,8.421875000,0.000000000,8.421875000,0.003151073,8.421875000,0.000000000,8.421875000,0.003260911,8.421875000,0.000000000
,8.437500000,0.000000000,8.437500000,0.004142853,8.437500000,0.000000000,8.437500000,0.003209710,8.437500000,0.000000000,8.437500000,0.003242714,8.437500000,0.000000000
,8.453125000,0.000000000,8.453125000,0.004140136,8.453125000,0.000000000,8.453125000,0.003231278,8.453125000,0.000000000,8.453125000,0.003237101,8.453125000,0.000000000
,8.468750000,0.000000000,8.468750000,0.004103179,8.468750000,0.000000000,8.468750000,0.003244827,8.468750000,0.000000000,8.468750000,0.003249484,8.468750000,0.000000000
,8.484375000,0.000000000,8.484375000,0.004061760,8.484375000,0.000000000,8.484375000,0.003299144,8.484375000,0.000000000,8.484375000,0.003317510,8.484375000,0.000000000
,8.500000000,0.000000000,8.500000000,0.004052055,8.500000000,0.000000000,8.500000000,0.003287093,8.500000000,0.000000000,8.500000000,0.003309211,8.500000000,0.000000000
,8.515625000,0.000000000,8.515625000,0.004041822,8.515625000,0.000000000,8.515625000,0.003265581,8.515625000,0.000000000,8.515625000,0.003426497,8.515625000,0.000000000
,8.531250000,0.000000000,8.531250000,0.003984331,8.531250000,0.000000000,8.531250000,0.003328822,8.531250000,0.000000000,8.531250000,0.003603963,8.531250000,0.000000000
,8.546875000,0.000000000,8.546875000,0.004016430,8.546875000,0.000000000,8.546875000,0.003426945,8.546875000,0.000000000,8.546875000,0.003569360,8.546875000,0.000000000
,8.562500000,0.000000000,8.562500000,0.004169150,8.562500000,0.000000000,8.562500000,0.003514143,8.562500000,0.000000000,8.562500000,0.003565394,8.562500000,0.000000000
,8.578125000,0.000000000,8.578125000,0.004210723,8.578125000,0.000000000,8.578125000,0.003592362,8.578125000,0.000000000,8.578125000,0.003547011,8.578125000,0.000000000
,8.593750000,0.000000000,8.593750000,0.004220156,8.593750000,0.000000000,8.593750000,0.003825098,8.593750000,0.000000000,8.593750000,0.003481406,8.593750000,0.000000000
,8.609375000,0.000000000,8.609375000,0.004265510,8.609375000,0.000000000,8.609375000,0.004224331,8.609375000,0.000000000,8.609375000,0.003462742,8.609375000,0.000000000
,8.625000000,0.000000000,8.625000000,0.004331554,8.625000000,0.000000000,8.625000000,0.004316724,8.625000000,0.000000000,8.625000000,0.003429740,8.625000000,0.000000000
,8.640625000,0.000000000,8.640625000,0.004457309,8.640625000,0.000000000,8.640625000,0.004287094,8.640625000,0.000000000,8.640625000,0.003400386,8.640625000,0.000000000
,8.656250000,0.000000000,8.656250000,0.004451246,8.656250000,0.000000000,8.656250000,0.004258546,8.656250000,0.000000000,8.656250000,0.003379296,8.656250000,0.000000000
,8.671875000,0.000000000,8.671875000,0.004387956,8.671875000,0.000000000,8.671875000,0.004285283,8.671875000,0.000000000,8.671875000,0.003344032,8.671875000,0.000000000
,8.687500000,0.000000000,8.687500000,0.004404868,8.687500000,0.000000000,8.687500000,0.004387692,8.687500000,0.000000000,8.687500000,0.003330834,8.687500000,0.000000000
,8.703125000,0.000000000,8.703125000,0.004308248,8.703125000,0.000000000,8.703125000,0.004493109,8.703125000,0.000000000,8.703125000,0.003308870,8.703125000,0.000000000
,8.718750000,0.000000000,8.718750000,0.004269496,8.718750000,0.000000000,8.718750000,0.004638101,8.718750000,0.000000000,8.718750000,0.003272785,8.718750000,0.000000000
,8.734375000,0.000000000,8.734375000,0.004226284,8.734375000,0.000000000,8.734375000,0.004633618,8.734375000,0.000000000,8.734375000,0.003206756,8.734375000,0.000000000
,8.750000000,0.000000000,8.750000000,0.004159745,8.750000000,0.000000000,8.750000000,0.004636575,8.750000000,0.000000000,8.750000000,0.003201831,8.750000000,0.000000000
,8.765625000,0.000000000,8.765625000,0.004091803,8.765625000,0.000000000,8.765625000,0.004652235,8.765625000,0.000000000,8.765625000,0.003243403,8.765625000,0.000000000
,8.781250000,0.000000000,8.781250000,0.004069804,8.781250000,0.000000000,8.781250000,0.004844837,8.781250000,0.000000000,8.781250000,0.003211962,8.781250000,0.000000000
,8.796875000,0.000000000,8.796875000,0.004076184,8.796875000,0.000000000,8.796875000,0.005166184,8.796875000,0.000000000,8.796875000,0.003173447,8.796875000,0.000000000
,8.812500000,0.000000000,8.812500000,0.004023257,8.812500000,0.000000000,8.812500000,0.005213463,8.812500000,0.000000000,8.812500000,0.003261840,8.812500000,0.000000000
,8.828125000,0.000000000,8.828125000,0.003987736,8.828125000,0.000000000,8.828125000,0.005107577,8.828125000,0.000000000,8.828125000,0.003238045,8.828125000,0.000000000
,8.843750000,0.000000000,8.843750000,0.003959816,8.843750000,0.000000000,8.843750000,0.005027495,8.843750000,0.000000000,8.843750000,0.003244336,8.843750000,0.000000000
,8.859375000,0.000000000,8.859375000,0.003968078,8.859375000,0.000000000,8.859375000,0.004896380,8.859375000,0.000000000,8.859375000,0.003345471,8.859375000,0.000000000
,8.875000000,0.000000000,8.875000000,0.004027951,8.875000000,0.000000000,8.875000000,0.004860207,8.875000000,0.000000000,8.875000000,0.003430448,8.875000000,0.000000000
,8.890625000,0.000000000,8.890625000,0.003967491,8.890625000,0.000000000,8.890625000,0.004892578,8.890625000,0.000000000,8.890625000,0.003410409,8.890625000,0.000000000
,8.906250000,0.000000000,8.906250000,0.003913778,8.906250000,0.000000000,8.906250000,0.004811985,8.906250000,0.000000000,8.906250000,0.003365066,8.906250000,0.000000000
,8.921875000,0.000000000,8.921875000,0.003978208,8.921875000,0.000000000,8.921875000,0.004678537,8.921875000,0.000000000,8.921875000,0.003358395,8.921875000,0.000000000
,8.937500000,0.000000000,8.937500000,0.004017994,8.937500000,0.000000000,8.937500000,0.004535421,8.937500000,0.000000000,8.937500000,0.003295599,8.937500000,0.000000000
,8.953125000,0.000000000,8.953125000,0.004035230,8.953125000,0.000000000,8.953125000,0.004506248,8.953125000,0.000000000,8.953125000,0.003240000,8.953125000,0.000000000
,8.968750000,0.000000000,8.968750000,0.004071349,8.968750000,0.000000000,8.968750000,0.004542147,8.968750000,0.000000000,8.968750000,0.003181982,8.968750000,0.000000000
,8.984375000,0.000000000,8.984375000,0.004052915,8.984375000,0.000000000,8.984375000,0.004623267,8.984375000,0.000000000,8.984375000,0.003166089,8.984375000,0.000000000
,9.000000000,0.000000000,9.000000000,0.004010697,9.000000000,0.000000000,9.000000000,0.004622790,9.000000000,0.000000000,9.000000000,0.003165096,9.000000000,0.000000000
,9.015625000,0.000000000,9.015625000,0.003993597,9.015625000,0.000000000,9.015625000,0.004517280,9.015625000,0.000000000,9.015625000,0.003152854,9.015625000,0.000000000
,9.031250000,0.000000000,9.031250000,0.003945037,9.031250000,0.000000000,9.031250000,0.004383210,9.031250000,0.000000000,9.031250000,0.003144216,9.031250000,0.000000000
,9.046875000,0.000000000,9.046875000,0.003927837,9.046875000,0.000000000,9.046875000,0.004325601,9.046875000,0.000000000,9.046875000,0.003162073,9.046875000,0.000000000
,9.062500000,0.000000000,9.062500000,0.003875341,9.062500000,0.000000000,9.062500000,0.004202725,9.062500000,0.000000000,9.062500000,0.003228134,9.062500000,0.000000000
,9.078125000,0.000000000,9.078125000,0.003885428,9.078125000,0.000000000,9.078125000,0.004094921,9.078125000,0.000000000,9.078125000,0.003230272,9.078125000,0.000000000
,9.093750000,0.000000000,9.093750000,0.003865913,9.093750000,0.000000000,9.093750000,0.004025617,9.093750000,0.000000000,9.093750000,0.003176418,9.093750000,0.000000000
,9.109375000,0.000000000,9.109375000,0.003851404,9.109375000,0.000000000,9.109375000,0.003916558,9.109375000,0.000000000,9.109375000,0.003207760,9.109375000,0.000000000
,9.125000000,0.000000000,9.125000000,0.003834925,9.125000000,0.000000000,9.125000000,0.003826795,9.125000000,0.000000000,9.125000000,0.003196872,9.125000000,0.000000000
,9.140625000,0.000000000,9.140625000,0.003821673,9.140625000,0.000000000,9.140625000,0.003739576,9.140625000,0.000000000,9.140625000,0.003128514,9.140625000,0.000000000
,9.156250000,0.000000000,9.156250000,0.003810742,9.156250000,0.000000000,9.156250000,0.003707501,9.156250000,0.000000000,9.156250000,0.003105116,9.156250000,0.000000000
,9.171875000,0.000000000,9.171875000,0.003813826,9.171875000,0.000000000,9.171875000,0.003646833,9.171875000,0.000000000,9.171875000,0.003090580,9.171875000,0.000000000
,9.187500000,0.000000000,9.187500000,0.003848142,9.187500000,0.000000000,9.187500000,0.003603988,9.187500000,0.000000000,9.187500000,0.003128558,9.187500000,0.000000000
,9.203125000,0.000000000,9.203125000,0.003823548,9.203125000,0.000000000,9.203125000,0.003558942,9.203125000,0.000000000,9.203125000,0.003138461,9.203125000,0.000000000
,9.218750000,0.000000000,9.218750000,0.003804155,9.218750000,0.000000000,9.218750000,0.003607012,9.218750000,0.000000000,9.218750000,0.003139566,9.218750000,0.000000000
,9.234375000,0.000000000,9.234375000,0.003817316,9.234375000,0.000000000,9.234375000,0.003552271,9.234375000,0.000000000,9.234375000,0.003137211,9.234375000,0.000000000
,9.250000000,0.000000000,9.250000000,0.003761141,9.250000000,0.000000000,9.250000000,0.003569570,9.250000000,0.000000000,9.250000000,0.003118483,9.250000000,0.000000000
,9.265625000,0.000000000,9.265625000,0.003786268,9.265625000,0.000000000,9.265625000,0.003537085,9.265625000,0.000000000,9.265625000,0.003086424,9.265625000,0.000000000
,9.281250000,0.000000000,9.281250000,0.003781550,9.281250000,0.000000000,9.281250000,0.003511950,9.281250000,0.000000000,9.281250000,0.003065202,9.281250000,0.000000000
,9.296875000,0.000000000,9.296875000,0.003788658,9.296875000,0.000000000,9.296875000,0.003490547,9.296875000,0.000000000,9.296875000,0.003033086,9.296875000,0.000000000
,9.312500000,0.000000000,9.312500000,0.003799974,9.312500000,0.000000000,9.312500000,0.003463167,9.312500000,0.000000000,9.312500000,0.003050158,9.312500000,0.000000000
,9.328125000,0.000000000,9.328125000,0.003788818,9.328125000,0.000000000,9.328125000,0.003435806,9.328125000,0.000000000,9.328125000,0.003108364,9.328125000,0.000000000
,9.343750000,0.000000000,9.343750000,0.003804624,9.343750000,0.000000000,9.343750000,0.003369256,9.343750000,0.000000000,9.343750000,0.003064737,9.343750000,0.000000000
,9.359375000,0.000000000,9.359375000,0.003783289,9.359375000,0.000000000,9.359375000,0.003391788,9.359375000,0.000000000,9.359375000,0.003084920,9.359375000,0.000000000
,9.375000000,0.000000000,9.375000000,0.003811619,9.375000000,0.000000000,9.375000000,0.003347644,9.375000000,0.000000000,9.375000000,0.003064245,9.375000000,0.000000000
,9.390625000,0.000000000,9.390625000,0.003796909,9.390625000,0.000000000,9.390625000,0.003339687,9.390625000,0.000000000,9.390625000,0.003104351,9.390625000,0.000000000
,9.406250000,0.000000000,9.406250000,0.003812170,9.406250000,0.000000000,9.406250000,0.003309564,9.406250000,0.000000000,9.406250000,0.003170012,9.406250000,0.000000000
,9.421875000,0.000000000,9.421875000,0.003789627,9.421875000,0.000000000,9.421875000,0.003306159,9.421875000,0.000000000,9.421875000,0.003217374,9.421875000,0.000000000
,9.437500000,0.000000000,9.437500000,0.003799056,9.437500000,0.000000000,9.437500000,0.003321161,9.437500000,0.000000000,9.437500000,0.003216224,9.437500000,0.000000000
,9.453125000,0.000000000,9.453125000,0.003790166,9.453125000,0.000000000,9.453125000,0.003274726,9.453125000,0.000000000,9.453125000,0.003228485,9.453125000,0.000000000
,9.468750000,0.000000000,9.468750000,0.003797960,9.468750000,0.000000000,9.468750000,0.003242574,9.468750000,0.000000000,9.468750000,0.003379004,9.468750000,0.000000000
,9.484375000,0.000000000,9.484375000,0.003823374,9.484375000,0.000000000,9.484375000,0.003226888,9.484375000,0.000000000,9.484375000,0.003360097,9.484375000,0.000000000
,9.500000000,0.000000000,9.500000000,0.003845281,9.500000000,0.000000000,9.500000000,0.003201974,9.500000000,0.000000000,9.500000000,0.003355765,9.500000000,0.000000000
,9.515625000,0.000000000,9.515625000,0.003825862,9.515625000,0.000000000,9.515625000,0.003153356,9.515625000,0.000000000,9.515625000,0.003319905,9.515625000,0.000000000
,9.531250000,0.000000000,9.531250000,0.003911639,9.531250000,0.000000000,9.531250000,0.003123970,9.531250000,0.000000000,9.531250000,0.003357173,9.531250000,0.000000000
,9.546875000,0.000000000,9.546875000,0.003987697,9.546875000,0.000000000,9.546875000,0.003151860,9.546875000,0.000000000,9.546875000,0.003406946,9.546875000,0.000000000
,9.562500000,0.000000000,9.562500000,0.004002632,9.562500000,0.000000000,9.562500000,0.003220337,9.562500000,0.000000000,9.562500000,0.003607565,9.562500000,0.000000000
,9.578125000,0.000000000,9.578125000,0.003971353,9.578125000,0.000000000,9.578125000,0.003223418,9.578125000,0.000000000,9.578125000,0.003637713,9.578125000,0.000000000
,9.593750000,0.000000000,9.593750000,0.004044615,9.593750000,0.000000000,9.593750000,0.003195510,9.593750000,0.000000000,9.593750000,0.003655606,9.593750000,0.000000000
,9.609375000,0.000000000,9.609375000,0.004181108,9.609375000,0.000000000,9.609375000,0.003151997,9.609375000,0.000000000,9.609375000,0.003615553,9.609375000,0.000000000
,9.625000000,0.000000000,9.625000000,0.004443516,9.625000000,0.000000000,9.625000000,0.003169078,9.625000000,0.000000000,9.625000000,0.003823861,9.625000000,0.000000000
,9.640625000,0.000000000,9.640625000,0.004548182,9.640625000,0.000000000,9.640625000,0.003178802,9.640625000,0.000000000,9.640625000,0.003976818,9.640625000,0.000000000
,9.656250000,0.000000000,9.656250000,0.004580368,9.656250000,0.000000000,9.656250000,0.003203455,9.656250000,0.000000000,9.656250000,0.004012368,9.656250000,0.000000000
,9.671875000,0.000000000,9.671875000,0.004651535,9.671875000,0.000000000,9.671875000,0.003184027,9.671875000,0.000000000,9.671875000,0.004004918,9.671875000,0.000000000
,9.687500000,0.000000000,9.687500000,0.004818840,9.687500000,0.000000000,9.687500000,0.003192415,9.687500000,0.000000000,9.687500000,0.003987286,9.687500000,0.000000000
,9.703125000,0.000000000,9.703125000,0.004914449,9.703125000,0.000000000,9.703125000,0.003238031,9.703125000,0.000000000,9.703125000,0.003981758,9.703125000,0.000000000
,9.718750000,0.000000000,9.718750000,0.005019656,9.718750000,0.000000000,9.718750000,0.003255628,9.718750000,0.000000000,9.718750000,0.004021050,9.718750000,0.000000000
,9.734375000,0.000000000,9.734375000,0.004973003,9.734375000,0.000000000,9.734375000,0.003202645,9.734375000,0.000000000,9.734375000,0.003924211,9.734375000,0.000000000
,9.750000000,0.000000000,9.750000000,0.004997468,9.750000000,0.000000000,9.750000000,0.003188719,9.750000000,0.000000000,9.750000000,0.003863069,9.750000000,0.000000000
,9.765625000,0.000000000,9.765625000,0.005023272,9.765625000,0.000000000,9.765625000,0.003293294,9.765625000,0.000000000,9.765625000,0.003818700,9.765625000,0.000000000
,9.781250000,0.000000000,9.781250000,0.005061145,9.781250000,0.000000000,9.781250000,0.003392756,9.781250000,0.000000000,9.781250000,0.003738380,9.781250000,0.000000000
,9.796875000,0.000000000,9.796875000,0.005019833,9.796875000,0.000000000,9.796875000,0.003410144,9.796875000,0.000000000,9.796875000,0.003698356,9.796875000,0.000000000
,9.812500000,0.000000000,9.812500000,0.004963935,9.812500000,0.000000000,9.812500000,0.003438442,9.812500000,0.000000000,9.812500000,0.003644064,9.812500000,0.000000000
,9.828125000,0.000000000,9.828125000,0.004967642,9.828125000,0.000000000,9.828125000,0.003554772,9.828125000,0.000000000,9.828125000,0.003599880,9.828125000,0.000000000
,9.843750000,0.000000000,9.843750000,0.004907373,9.843750000,0.000000000,9.843750000,0.003618556,9.843750000,0.000000000,9.843750000,0.003548750,9.843750000,0.000000000
,9.859375000,0.000000000,9.859375000,0.004901068,9.859375000,0.000000000,9.859375000,0.003614256,9.859375000,0.000000000,9.859375000,0.003630494,9.859375000,0.000000000
,9.875000000,0.000000000,9.875000000,0.004904766,9.875000000,0.000000000,9.875000000,0.003668744,9.875000000,0.000000000,9.875000000,0.003609130,9.875000000,0.000000000
,9.890625000,0.000000000,9.890625000,0.004861845,9.890625000,0.000000000,9.890625000,0.003815155,9.890625000,0.000000000,9.890625000,0.003694585,9.890625000,0.000000000
,9.906250000,0.000000000,9.906250000,0.004760310,9.906250000,0.000000000,9.906250000,0.003985279,9.906250000,0.000000000,9.906250000,0.003762782,9.906250000,0.000000000
,9.921875000,0.000000000,9.921875000,0.004739638,9.921875000,0.000000000,9.921875000,0.004052316,9.921875000,0.000000000,9.921875000,0.003792658,9.921875000,0.000000000
,9.937500000,0.000000000,9.937500000,0.004741063,9.937500000,0.000000000,9.937500000,0.004080089,9.937500000,0.000000000,9.937500000,0.003868486,9.937500000,0.000000000
,9.953125000,0.000000000,9.953125000,0.004630124,9.953125000,0.000000000,9.953125000,0.004060896,9.953125000,0.000000000,9.953125000,0.003831996,9.953125000,0.000000000
,9.968750000,0.000000000,9.968750000,0.004555564,9.968750000,0.000000000,9.968750000,0.004087936,9.968750000,0.000000000,9.968750000,0.003914202,9.968750000,0.000000000
,9.984375000,0.000000000,9.984375000,0.004502973,9.984375000,0.000000000,9.984375000,0.004099290,9.984375000,0.000000000,9.984375000,0.003873802,9.984375000,0.000000000
,10.000000000,0.000000000,10.000000000,0.004473027,10.000000000,0.000000000,10.000000000,0.004096663,10.000000000,0.000000000,10.000000000,0.003866945,10.000000000,0.000000000
,10.015625000,0.000000000,10.015625000,0.004402365,10.015625000,0.000000000,10.015625000,0.004194690,10.015625000,0.000000000,10.015625000,0.003842504,10.015625000,0.000000000
,10.031250000,0.000000000,10.031250000,0.004353772,10.031250000,0.000000000,10.031250000,0.004451610,10.031250000,0.000000000,10.031250000,0.003941910,10.031250000,0.000000000
,10.046875000,0.000000000,10.046875000,0.004346349,10.046875000,0.000000000,10.046875000,0.004515070,10.046875000,0.000000000,10.046875000,0.003945544,10.046875000,0.000000000
,10.062500000,0.000000000,10.062500000,0.004315883,10.062500000,0.000000000,10.062500000,0.004480394,10.062500000,0.000000000,10.062500000,0.003943824,10.062500000,0.000000000
,10.078125000,0.000000000,10.078125000,0.004365864,10.078125000,0.000000000,10.078125000,0.004492128,10.078125000,0.000000000,10.078125000,0.003872763,10.078125000,0.000000000
,10.093750000,0.000000000,10.093750000,0.004331209,10.093750000,0.000000000,10.093750000,0.004583365,10.093750000,0.000000000,10.093750000,0.003838072,10.093750000,0.000000000
,10.109375000,0.000000000,10.109375000,0.004323837,10.109375000,0.000000000,10.109375000,0.004692392,10.109375000,0.000000000,10.109375000,0.003790123,10.109375000,0.000000000
,10.125000000,0.000000000,10.125000000,0.004352148,10.125000000,0.000000000,10.125000000,0.004846678,10.125000000,0.000000000,10.125000000,0.003749311,10.125000000,0.000000000
,10.140625000,0.000000000,10.140625000,0.004410476,10.140625000,0.000000000,10.140625000,0.004958300,10.140625000,0.000000000,10.140625000,0.003725118,10.140625000,0.000000000
,10.156250000,0.000000000,10.156250000,0.004500685,10.156250000,0.000000000,10.156250000,0.005009814,10.156250000,0.000000000,10.156250000,0.003667687,10.156250000,0.000000000
,10.171875000,0.000000000,10.171875000,0.004547722,10.171875000,0.000000000,10.171875000,0.005002428,10.171875000,0.000000000,10.171875000,0.003593168,10.171875000,0.000000000
,10.187500000,0.000000000,10.187500000,0.004629681,10.187500000,0.000000000,10.187500000,0.004964494,10.187500000,0.000000000,10.187500000,0.003517054,10.187500000,0.000000000
,10.203125000,0.000000000,10.203125000,0.004625760,10.203125000,0.000000000,10.203125000,0.004909130,10.203125000,0.000000000,10.203125000,0.003481594,10.203125000,0.000000000
,10.218750000,0.000000000,10.218750000,0.004648965,10.218750000,0.000000000,10.218750000,0.004929535,10.218750000,0.000000000,10.218750000,0.003407613,10.218750000,0.000000000
,10.234375000,0.000000000,10.234375000,0.004727844,10.234375000,0.000000000,10.234375000,0.004973951,10.234375000,0.000000000,10.234375000,0.003376401,10.234375000,0.000000000
,10.250000000,0.000000000,10.250000000,0.004834977,10.250000000,0.000000000,10.250000000,0.004897939,10.250000000,0.000000000,10.250000000,0.003365697,10.250000000,0.000000000
,10.265625000,0.000000000,10.265625000,0.004911311,10.265625000,0.000000000,10.265625000,0.004821901,10.265625000,0.000000000,10.265625000,0.003330219,10.265625000,0.000000000
,10.281250000,0.000000000,10.281250000,0.004934863,10.281250000,0.000000000,10.281250000,0.004750230,10.281250000,0.000000000,10.281250000,0.003260224,10.281250000,0.000000000
,10.296875000,0.000000000,10.296875000,0.004938843,10.296875000,0.000000000,10.296875000,0.004693886,10.296875000,0.000000000,10.296875000,0.003300906,10.296875000,0.000000000
,10.312500000,0.000000000,10.312500000,0.004918898,10.312500000,0.000000000,10.312500000,0.004592240,10.312500000,0.000000000,10.312500000,0.003333350,10.312500000,0.000000000
,10.328125000,0.000000000,10.328125000,0.004930227,10.328125000,0.000000000,10.328125000,0.004530111,10.328125000,0.000000000,10.328125000,0.003312065,10.328125000,0.000000000
,10.343750000,0.000000000,10.343750000,0.004869242,10.343750000,0.000000000,10.343750000,0.004472057,10.343750000,0.000000000,10.343750000,0.003417270,10.343750000,0.000000000
,10.359375000,0.000000000,10.359375000,0.004812937,10.359375000,0.000000000,10.359375000,0.004475424,10.359375000,0.000000000,10.359375000,0.003361923,10.359375000,0.000000000
